po_number,date,medicine_id,medicine_name,quantity_ordered,unit_cost_inr,total_cost_inr,supplier_id,status
PO1001,2024-01-22,75,Iron + Folic Acid,3675,2.0,7350.0,2,DELIVERED
PO1001,2024-01-22,88,Ketoconazole Shampoo,196,120.0,23520.0,4,DELIVERED
PO1001,2024-01-22,20,Furosemide 40mg,1400,3.5,4900.0,3,DELIVERED
PO1001,2024-01-22,74,Calcium + D3,3080,4.0,12320.0,1,DELIVERED
PO1001,2024-01-22,38,Ibuprofen 400mg,2520,2.0,5040.0,2,DELIVERED
PO1001,2024-01-22,35,Nitrofurantoin 100mg,1078,8.0,8624.0,4,DELIVERED
PO1001,2024-01-22,78,Vitamin E 400IU,1078,5.0,5390.0,5,DELIVERED
PO1001,2024-01-22,79,Zinc Sulfate 20mg,1330,2.0,2660.0,2,DELIVERED
PO1001,2024-01-22,25,Ciprofloxacin 500mg,1260,8.0,10080.0,2,DELIVERED
PO1001,2024-01-22,10,Gliclazide 80mg,784,5.0,3920.0,4,DELIVERED
PO1001,2024-01-22,26,Cefixime 200mg,840,15.0,12600.0,2,DELIVERED
PO1001,2024-01-22,54,Sucralfate 1g,560,6.0,3360.0,4,DELIVERED
PO1001,2024-01-22,63,Levocetirizine 5mg,2058,3.0,6174.0,5,DELIVERED
PO1001,2024-01-22,45,Etoricoxib 90mg,504,15.0,7560.0,3,DELIVERED
PO1002,2024-02-01,39,Diclofenac 50mg,1260,2.5,3150.0,5,DELIVERED
PO1002,2024-02-01,6,Insulin Glargine,28,450.0,12600.0,1,DELIVERED
PO1002,2024-02-01,27,Doxycycline 100mg,1862,5.0,9310.0,4,DELIVERED
PO1002,2024-02-01,71,Vitamin B Complex,2730,1.5,4095.0,5,DELIVERED
PO1002,2024-02-01,88,Ketoconazole Shampoo,112,120.0,13440.0,2,DELIVERED
PO1002,2024-02-01,69,Fluticasone Nasal Spray,105,150.0,15750.0,4,DELIVERED
PO1002,2024-02-01,29,Levofloxacin 500mg,980,18.0,17640.0,5,DELIVERED
PO1002,2024-02-01,25,Ciprofloxacin 500mg,1260,8.0,10080.0,1,DELIVERED
PO1002,2024-02-01,26,Cefixime 200mg,1680,15.0,25200.0,2,DELIVERED
PO1002,2024-02-01,14,Losartan 50mg,2352,5.0,11760.0,5,DELIVERED
PO1002,2024-02-01,84,Permethrin Lotion,336,60.0,20160.0,3,DELIVERED
PO1002,2024-02-01,41,Nimesulide 100mg,1225,3.0,3675.0,1,DELIVERED
PO1002,2024-02-01,86,Calamine Lotion,280,45.0,12600.0,3,DELIVERED
PO1003,2024-02-08,100,Sertraline 50mg,448,10.0,4480.0,1,DELIVERED
PO1003,2024-02-08,86,Calamine Lotion,490,45.0,22050.0,4,DELIVERED
PO1003,2024-02-08,31,Cephalexin 500mg,700,10.0,7000.0,5,DELIVERED
PO1003,2024-02-08,73,Vitamin D3 60000IU,735,30.0,22050.0,2,DELIVERED
PO1003,2024-02-08,62,Cetirizine 10mg,1750,2.0,3500.0,4,DELIVERED
PO1003,2024-02-08,70,Bromhexine 8mg,1470,3.0,4410.0,1,DELIVERED
PO1003,2024-02-08,13,Enalapril 5mg,1470,4.0,5880.0,4,DELIVERED
PO1003,2024-02-08,47,Pantoprazole 40mg,1680,5.0,8400.0,2,DELIVERED
PO1003,2024-02-08,63,Levocetirizine 5mg,2058,3.0,6174.0,2,DELIVERED
PO1003,2024-02-08,32,Norfloxacin 400mg,1050,5.0,5250.0,3,DELIVERED
PO1003,2024-02-08,34,Clindamycin 300mg,735,22.0,16170.0,5,DELIVERED
PO1003,2024-02-08,12,Amlodipine 10mg,1680,3.5,5880.0,2,DELIVERED
PO1003,2024-02-08,41,Nimesulide 100mg,1225,3.0,3675.0,3,DELIVERED
PO1003,2024-02-08,75,Iron + Folic Acid,2100,2.0,4200.0,5,DELIVERED
PO1004,2024-02-15,55,Rabeprazole 20mg,1344,7.0,9408.0,1,DELIVERED
PO1004,2024-02-15,83,Betamethasone Cream,336,40.0,13440.0,3,DELIVERED
PO1004,2024-02-15,13,Enalapril 5mg,1715,4.0,6860.0,5,DELIVERED
PO1004,2024-02-15,100,Sertraline 50mg,896,10.0,8960.0,4,DELIVERED
PO1004,2024-02-15,32,Norfloxacin 400mg,840,5.0,4200.0,4,DELIVERED
PO1004,2024-02-15,44,Mefenamic Acid 500mg,770,4.0,3080.0,5,DELIVERED
PO1004,2024-02-15,6,Insulin Glargine,56,450.0,25200.0,1,DELIVERED
PO1004,2024-02-15,54,Sucralfate 1g,560,6.0,3360.0,5,DELIVERED
PO1004,2024-02-15,17,Metoprolol 50mg,1792,4.5,8064.0,4,DELIVERED
PO1004,2024-02-15,9,Vildagliptin 50mg,504,18.0,9072.0,2,DELIVERED
PO1004,2024-02-15,8,Pioglitazone 15mg,980,8.0,7840.0,5,DELIVERED
PO1004,2024-02-15,68,Ipratropium Inhaler,98,180.0,17640.0,4,DELIVERED
PO1005,2024-02-22,7,Sitagliptin 100mg,525,25.0,13125.0,4,DELIVERED
PO1005,2024-02-22,69,Fluticasone Nasal Spray,105,150.0,15750.0,1,DELIVERED
PO1005,2024-02-22,28,Metronidazole 400mg,2800,3.0,8400.0,4,DELIVERED
PO1005,2024-02-22,54,Sucralfate 1g,560,6.0,3360.0,3,DELIVERED
PO1005,2024-02-22,71,Vitamin B Complex,2275,1.5,3412.5,5,DELIVERED
PO1005,2024-02-22,12,Amlodipine 10mg,840,3.5,2940.0,2,DELIVERED
PO1005,2024-02-22,98,Amitriptyline 25mg,1232,3.0,3696.0,1,DELIVERED
PO1005,2024-02-22,51,ORS Powder,4480,5.0,22400.0,2,DELIVERED
PO1005,2024-02-22,72,Vitamin C 500mg,1400,2.0,2800.0,1,DELIVERED
PO1005,2024-02-22,87,Silver Sulfadiazine,210,55.0,11550.0,4,DELIVERED
PO1005,2024-02-22,21,Spironolactone 25mg,525,8.0,4200.0,4,DELIVERED
PO1005,2024-02-22,15,Telmisartan 40mg,1064,6.0,6384.0,4,DELIVERED
PO1005,2024-02-22,38,Ibuprofen 400mg,1680,2.0,3360.0,2,DELIVERED
PO1005,2024-02-22,6,Insulin Glargine,42,450.0,18900.0,4,DELIVERED
PO1005,2024-02-22,57,Lactulose Syrup,210,85.0,17850.0,5,DELIVERED
PO1006,2024-03-01,84,Permethrin Lotion,210,60.0,12600.0,5,DELIVERED
PO1006,2024-03-01,58,Zinc Dispersible 20mg,1750,2.0,3500.0,2,DELIVERED
PO1006,2024-03-01,80,B12 Methylcobalamin,980,8.0,7840.0,5,DELIVERED
PO1006,2024-03-01,67,Theophylline 300mg,1078,5.0,5390.0,2,DELIVERED
PO1006,2024-03-01,92,Chloramphenicol Ear Drops,210,30.0,6300.0,3,DELIVERED
PO1006,2024-03-01,69,Fluticasone Nasal Spray,84,150.0,12600.0,1,DELIVERED
PO1006,2024-03-01,68,Ipratropium Inhaler,84,180.0,15120.0,5,DELIVERED
PO1006,2024-03-01,79,Zinc Sulfate 20mg,1330,2.0,2660.0,5,DELIVERED
PO1006,2024-03-01,22,Cilnidipine 10mg,924,12.0,11088.0,4,DELIVERED
PO1006,2024-03-01,9,Vildagliptin 50mg,504,18.0,9072.0,3,DELIVERED
PO1006,2024-03-01,30,Ofloxacin 200mg,1120,6.0,6720.0,1,DELIVERED
PO1006,2024-03-01,60,Budesonide Inhaler,112,250.0,28000.0,5,DELIVERED
PO1006,2024-03-01,16,Atenolol 50mg,2352,3.0,7056.0,3,DELIVERED
PO1006,2024-03-01,43,Aspirin 75mg,2310,1.0,2310.0,5,DELIVERED
PO1006,2024-03-01,23,Amoxicillin 500mg,2730,4.0,10920.0,4,DELIVERED
PO1007,2024-03-08,7,Sitagliptin 100mg,630,25.0,15750.0,3,DELIVERED
PO1007,2024-03-08,8,Pioglitazone 15mg,560,8.0,4480.0,3,DELIVERED
PO1007,2024-03-08,61,Montelukast 10mg,1260,8.0,10080.0,5,DELIVERED
PO1007,2024-03-08,81,Fluconazole 150mg,420,15.0,6300.0,5,DELIVERED
PO1007,2024-03-08,74,Calcium + D3,2695,4.0,10780.0,3,DELIVERED
PO1007,2024-03-08,23,Amoxicillin 500mg,1820,4.0,7280.0,1,DELIVERED
PO1007,2024-03-08,95,Prednisolone Eye Drops,147,65.0,9555.0,4,DELIVERED
PO1007,2024-03-08,35,Nitrofurantoin 100mg,616,8.0,4928.0,5,DELIVERED
PO1007,2024-03-08,97,Escitalopram 10mg,1008,8.0,8064.0,1,DELIVERED
PO1007,2024-03-08,55,Rabeprazole 20mg,1120,7.0,7840.0,1,DELIVERED
PO1007,2024-03-08,28,Metronidazole 400mg,2450,3.0,7350.0,2,DELIVERED
PO1007,2024-03-08,52,Loperamide 2mg,840,3.0,2520.0,1,DELIVERED
PO1007,2024-03-08,53,Dicyclomine 20mg,980,4.0,3920.0,3,DELIVERED
PO1007,2024-03-08,77,Multivitamin,2240,3.0,6720.0,5,DELIVERED
PO1007,2024-03-08,67,Theophylline 300mg,616,5.0,3080.0,3,DELIVERED
PO1007,2024-03-08,31,Cephalexin 500mg,875,10.0,8750.0,2,DELIVERED
PO1007,2024-03-08,62,Cetirizine 10mg,1750,2.0,3500.0,1,DELIVERED
PO1007,2024-03-08,45,Etoricoxib 90mg,756,15.0,11340.0,4,DELIVERED
PO1008,2024-03-15,54,Sucralfate 1g,700,6.0,4200.0,4,DELIVERED
PO1008,2024-03-15,34,Clindamycin 300mg,420,22.0,9240.0,5,DELIVERED
PO1008,2024-03-15,3,Glimepiride 1mg,1225,3.5,4287.5,1,DELIVERED
PO1008,2024-03-15,15,Telmisartan 40mg,1862,6.0,11172.0,3,DELIVERED
PO1008,2024-03-15,7,Sitagliptin 100mg,525,25.0,13125.0,4,DELIVERED
PO1008,2024-03-15,11,Amlodipine 5mg,2695,2.5,6737.5,2,DELIVERED
PO1008,2024-03-15,40,Aceclofenac 100mg,1050,5.0,5250.0,1,DELIVERED
PO1008,2024-03-15,52,Loperamide 2mg,1470,3.0,4410.0,1,DELIVERED
PO1008,2024-03-15,4,Glimepiride 2mg,1050,4.0,4200.0,1,DELIVERED
PO1008,2024-03-15,12,Amlodipine 10mg,1680,3.5,5880.0,2,DELIVERED
PO1008,2024-03-15,80,B12 Methylcobalamin,980,8.0,7840.0,1,DELIVERED
PO1008,2024-03-15,87,Silver Sulfadiazine,140,55.0,7700.0,1,DELIVERED
PO1008,2024-03-15,26,Cefixime 200mg,1470,15.0,22050.0,1,DELIVERED
PO1008,2024-03-15,27,Doxycycline 100mg,1862,5.0,9310.0,1,DELIVERED
PO1008,2024-03-15,42,Tramadol 50mg,840,8.0,6720.0,5,DELIVERED
PO1008,2024-03-15,24,Azithromycin 500mg,1470,25.0,36750.0,3,DELIVERED
PO1008,2024-03-15,1,Metformin 500mg,3920,1.5,5880.0,3,DELIVERED
PO1008,2024-03-15,56,Esomeprazole 40mg,784,10.0,7840.0,3,DELIVERED
PO1008,2024-03-15,22,Cilnidipine 10mg,616,12.0,7392.0,5,DELIVERED
PO1009,2024-03-22,82,Clotrimazole Cream,420,35.0,14700.0,5,DELIVERED
PO1009,2024-03-22,74,Calcium + D3,2310,4.0,9240.0,1,DELIVERED
PO1009,2024-03-22,47,Pantoprazole 40mg,2940,5.0,14700.0,4,DELIVERED
PO1009,2024-03-22,4,Glimepiride 2mg,875,4.0,3500.0,3,DELIVERED
PO1009,2024-03-22,71,Vitamin B Complex,2275,1.5,3412.5,3,DELIVERED
PO1009,2024-03-22,10,Gliclazide 80mg,784,5.0,3920.0,2,DELIVERED
PO1009,2024-03-22,77,Multivitamin,1120,3.0,3360.0,2,DELIVERED
PO1009,2024-03-22,91,Artificial Tears,280,50.0,14000.0,5,DELIVERED
PO1009,2024-03-22,2,Metformin 850mg,1960,2.0,3920.0,4,DELIVERED
PO1009,2024-03-22,1,Metformin 500mg,2240,1.5,3360.0,1,DELIVERED
PO1009,2024-03-22,97,Escitalopram 10mg,882,8.0,7056.0,4,DELIVERED
PO1009,2024-03-22,43,Aspirin 75mg,2310,1.0,2310.0,4,DELIVERED
PO1009,2024-03-22,53,Dicyclomine 20mg,784,4.0,3136.0,2,DELIVERED
PO1009,2024-03-22,99,Clonazepam 0.5mg,504,6.0,3024.0,5,DELIVERED
PO1009,2024-03-22,57,Lactulose Syrup,175,85.0,14875.0,2,DELIVERED
PO1009,2024-03-22,30,Ofloxacin 200mg,1344,6.0,8064.0,4,DELIVERED
PO1009,2024-03-22,46,Omeprazole 20mg,3430,3.0,10290.0,4,DELIVERED
PO1009,2024-03-22,21,Spironolactone 25mg,630,8.0,5040.0,1,DELIVERED
PO1009,2024-03-22,54,Sucralfate 1g,840,6.0,5040.0,5,DELIVERED
PO1009,2024-03-22,29,Levofloxacin 500mg,784,18.0,14112.0,3,DELIVERED
PO1010,2024-04-01,11,Amlodipine 5mg,3080,2.5,7700.0,4,DELIVERED
PO1010,2024-04-01,64,Chlorpheniramine 4mg,2240,1.0,2240.0,5,DELIVERED
PO1010,2024-04-01,44,Mefenamic Acid 500mg,1232,4.0,4928.0,5,DELIVERED
PO1010,2024-04-01,25,Ciprofloxacin 500mg,1260,8.0,10080.0,4,DELIVERED
PO1010,2024-04-01,20,Furosemide 40mg,1400,3.5,4900.0,2,DELIVERED
PO1010,2024-04-01,17,Metoprolol 50mg,896,4.5,4032.0,4,DELIVERED
PO1010,2024-04-01,92,Chloramphenicol Ear Drops,140,30.0,4200.0,3,DELIVERED
PO1010,2024-04-01,88,Ketoconazole Shampoo,112,120.0,13440.0,1,DELIVERED
PO1010,2024-04-01,80,B12 Methylcobalamin,784,8.0,6272.0,3,DELIVERED
PO1010,2024-04-01,89,Ciprofloxacin Eye Drops,280,25.0,7000.0,3,DELIVERED
PO1010,2024-04-01,87,Silver Sulfadiazine,140,55.0,7700.0,2,DELIVERED
PO1010,2024-04-01,99,Clonazepam 0.5mg,504,6.0,3024.0,5,DELIVERED
PO1010,2024-04-01,45,Etoricoxib 90mg,756,15.0,11340.0,3,DELIVERED
PO1010,2024-04-01,21,Spironolactone 25mg,630,8.0,5040.0,4,DELIVERED
PO1010,2024-04-01,51,ORS Powder,3920,5.0,19600.0,2,DELIVERED
PO1010,2024-04-01,16,Atenolol 50mg,1344,3.0,4032.0,2,DELIVERED
PO1010,2024-04-01,41,Nimesulide 100mg,1715,3.0,5145.0,1,DELIVERED
PO1011,2024-04-08,92,Chloramphenicol Ear Drops,140,30.0,4200.0,2,DELIVERED
PO1011,2024-04-08,34,Clindamycin 300mg,630,22.0,13860.0,1,DELIVERED
PO1011,2024-04-08,12,Amlodipine 10mg,840,3.5,2940.0,1,DELIVERED
PO1011,2024-04-08,74,Calcium + D3,2695,4.0,10780.0,4,DELIVERED
PO1011,2024-04-08,1,Metformin 500mg,2240,1.5,3360.0,4,DELIVERED
PO1011,2024-04-08,88,Ketoconazole Shampoo,112,120.0,13440.0,4,DELIVERED
PO1011,2024-04-08,53,Dicyclomine 20mg,784,4.0,3136.0,2,DELIVERED
PO1011,2024-04-08,52,Loperamide 2mg,840,3.0,2520.0,1,DELIVERED
PO1011,2024-04-08,77,Multivitamin,1120,3.0,3360.0,2,DELIVERED
PO1011,2024-04-08,42,Tramadol 50mg,735,8.0,5880.0,2,DELIVERED
PO1011,2024-04-08,40,Aceclofenac 100mg,1680,5.0,8400.0,2,DELIVERED
PO1011,2024-04-08,41,Nimesulide 100mg,980,3.0,2940.0,5,DELIVERED
PO1011,2024-04-08,84,Permethrin Lotion,168,60.0,10080.0,4,DELIVERED
PO1011,2024-04-08,7,Sitagliptin 100mg,525,25.0,13125.0,1,DELIVERED
PO1011,2024-04-08,70,Bromhexine 8mg,1225,3.0,3675.0,3,DELIVERED
PO1011,2024-04-08,46,Omeprazole 20mg,3430,3.0,10290.0,5,DELIVERED
PO1011,2024-04-08,61,Montelukast 10mg,1470,8.0,11760.0,3,DELIVERED
PO1012,2024-04-15,34,Clindamycin 300mg,735,22.0,16170.0,5,DELIVERED
PO1012,2024-04-15,2,Metformin 850mg,1400,2.0,2800.0,3,DELIVERED
PO1012,2024-04-15,4,Glimepiride 2mg,700,4.0,2800.0,1,DELIVERED
PO1012,2024-04-15,9,Vildagliptin 50mg,588,18.0,10584.0,3,DELIVERED
PO1012,2024-04-15,73,Vitamin D3 60000IU,525,30.0,15750.0,3,DELIVERED
PO1012,2024-04-15,86,Calamine Lotion,350,45.0,15750.0,3,DELIVERED
PO1012,2024-04-15,100,Sertraline 50mg,448,10.0,4480.0,1,DELIVERED
PO1012,2024-04-15,84,Permethrin Lotion,252,60.0,15120.0,4,DELIVERED
PO1012,2024-04-15,95,Prednisolone Eye Drops,126,65.0,8190.0,3,DELIVERED
PO1012,2024-04-15,41,Nimesulide 100mg,1715,3.0,5145.0,4,DELIVERED
PO1012,2024-04-15,38,Ibuprofen 400mg,2100,2.0,4200.0,3,DELIVERED
PO1012,2024-04-15,17,Metoprolol 50mg,1792,4.5,8064.0,2,DELIVERED
PO1012,2024-04-15,52,Loperamide 2mg,1050,3.0,3150.0,2,DELIVERED
PO1012,2024-04-15,93,Ofloxacin Ear Drops,140,40.0,5600.0,4,DELIVERED
PO1012,2024-04-15,8,Pioglitazone 15mg,840,8.0,6720.0,2,DELIVERED
PO1012,2024-04-15,91,Artificial Tears,224,50.0,11200.0,1,DELIVERED
PO1013,2024-04-22,66,Ambroxol Syrup,490,50.0,24500.0,4,DELIVERED
PO1013,2024-04-22,34,Clindamycin 300mg,630,22.0,13860.0,2,DELIVERED
PO1013,2024-04-22,52,Loperamide 2mg,840,3.0,2520.0,4,DELIVERED
PO1013,2024-04-22,8,Pioglitazone 15mg,840,8.0,6720.0,4,DELIVERED
PO1013,2024-04-22,29,Levofloxacin 500mg,1176,18.0,21168.0,3,DELIVERED
PO1013,2024-04-22,67,Theophylline 300mg,770,5.0,3850.0,2,DELIVERED
PO1013,2024-04-22,77,Multivitamin,1120,3.0,3360.0,4,DELIVERED
PO1013,2024-04-22,45,Etoricoxib 90mg,756,15.0,11340.0,5,DELIVERED
PO1013,2024-04-22,13,Enalapril 5mg,1470,4.0,5880.0,1,DELIVERED
PO1013,2024-04-22,81,Fluconazole 150mg,588,15.0,8820.0,1,DELIVERED
PO1013,2024-04-22,90,Tobramycin Eye Drops,210,45.0,9450.0,3,DELIVERED
PO1013,2024-04-22,44,Mefenamic Acid 500mg,616,4.0,2464.0,1,DELIVERED
PO1013,2024-04-22,79,Zinc Sulfate 20mg,1330,2.0,2660.0,4,DELIVERED
PO1013,2024-04-22,20,Furosemide 40mg,700,3.5,2450.0,2,DELIVERED
PO1013,2024-04-22,31,Cephalexin 500mg,1050,10.0,10500.0,4,DELIVERED
PO1013,2024-04-22,36,Paracetamol 500mg,5250,0.5,2625.0,1,DELIVERED
PO1014,2024-05-01,2,Metformin 850mg,1400,2.0,2800.0,1,DELIVERED
PO1014,2024-05-01,64,Chlorpheniramine 4mg,1680,1.0,1680.0,1,DELIVERED
PO1014,2024-05-01,70,Bromhexine 8mg,1470,3.0,4410.0,3,DELIVERED
PO1014,2024-05-01,77,Multivitamin,1680,3.0,5040.0,4,DELIVERED
PO1014,2024-05-01,88,Ketoconazole Shampoo,168,120.0,20160.0,4,DELIVERED
PO1014,2024-05-01,6,Insulin Glargine,35,450.0,15750.0,2,DELIVERED
PO1014,2024-05-01,82,Clotrimazole Cream,420,35.0,14700.0,2,DELIVERED
PO1014,2024-05-01,62,Cetirizine 10mg,2100,2.0,4200.0,5,DELIVERED
PO1014,2024-05-01,69,Fluticasone Nasal Spray,147,150.0,22050.0,2,DELIVERED
PO1014,2024-05-01,55,Rabeprazole 20mg,1568,7.0,10976.0,5,DELIVERED
PO1014,2024-05-01,74,Calcium + D3,2695,4.0,10780.0,1,DELIVERED
PO1014,2024-05-01,96,Alprazolam 0.5mg,420,5.0,2100.0,4,DELIVERED
PO1014,2024-05-01,42,Tramadol 50mg,840,8.0,6720.0,3,DELIVERED
PO1014,2024-05-01,58,Zinc Dispersible 20mg,1750,2.0,3500.0,3,DELIVERED
PO1014,2024-05-01,49,Domperidone 10mg,1400,2.5,3500.0,1,DELIVERED
PO1014,2024-05-01,7,Sitagliptin 100mg,735,25.0,18375.0,3,DELIVERED
PO1014,2024-05-01,15,Telmisartan 40mg,1064,6.0,6384.0,3,DELIVERED
PO1014,2024-05-01,72,Vitamin C 500mg,1400,2.0,2800.0,5,DELIVERED
PO1014,2024-05-01,99,Clonazepam 0.5mg,420,6.0,2520.0,4,DELIVERED
PO1014,2024-05-01,68,Ipratropium Inhaler,56,180.0,10080.0,1,DELIVERED
PO1015,2024-05-08,67,Theophylline 300mg,1232,5.0,6160.0,3,DELIVERED
PO1015,2024-05-08,42,Tramadol 50mg,525,8.0,4200.0,5,DELIVERED
PO1015,2024-05-08,80,B12 Methylcobalamin,784,8.0,6272.0,3,DELIVERED
PO1015,2024-05-08,51,ORS Powder,3360,5.0,16800.0,1,DELIVERED
PO1015,2024-05-08,72,Vitamin C 500mg,2800,2.0,5600.0,3,DELIVERED
PO1015,2024-05-08,74,Calcium + D3,2695,4.0,10780.0,5,DELIVERED
PO1015,2024-05-08,90,Tobramycin Eye Drops,175,45.0,7875.0,5,DELIVERED
PO1015,2024-05-08,58,Zinc Dispersible 20mg,1400,2.0,2800.0,5,DELIVERED
PO1015,2024-05-08,35,Nitrofurantoin 100mg,924,8.0,7392.0,4,DELIVERED
PO1015,2024-05-08,83,Betamethasone Cream,420,40.0,16800.0,4,DELIVERED
PO1015,2024-05-08,3,Glimepiride 1mg,1715,3.5,6002.5,5,DELIVERED
PO1016,2024-05-15,51,ORS Powder,2240,5.0,11200.0,5,DELIVERED
PO1016,2024-05-15,27,Doxycycline 100mg,1596,5.0,7980.0,3,DELIVERED
PO1016,2024-05-15,95,Prednisolone Eye Drops,84,65.0,5460.0,4,DELIVERED
PO1016,2024-05-15,78,Vitamin E 400IU,770,5.0,3850.0,4,DELIVERED
PO1016,2024-05-15,82,Clotrimazole Cream,560,35.0,19600.0,5,DELIVERED
PO1016,2024-05-15,23,Amoxicillin 500mg,1820,4.0,7280.0,5,DELIVERED
PO1016,2024-05-15,37,Paracetamol 650mg,5600,0.8,4480.0,1,DELIVERED
PO1016,2024-05-15,10,Gliclazide 80mg,1372,5.0,6860.0,5,DELIVERED
PO1016,2024-05-15,55,Rabeprazole 20mg,1120,7.0,7840.0,1,DELIVERED
PO1016,2024-05-15,13,Enalapril 5mg,980,4.0,3920.0,2,DELIVERED
PO1017,2024-05-22,16,Atenolol 50mg,1680,3.0,5040.0,5,DELIVERED
PO1017,2024-05-22,59,Salbutamol Inhaler,126,120.0,15120.0,4,DELIVERED
PO1017,2024-05-22,75,Iron + Folic Acid,2100,2.0,4200.0,4,DELIVERED
PO1017,2024-05-22,43,Aspirin 75mg,1925,1.0,1925.0,4,DELIVERED
PO1017,2024-05-22,78,Vitamin E 400IU,616,5.0,3080.0,3,DELIVERED
PO1017,2024-05-22,18,Ramipril 5mg,784,7.0,5488.0,2,DELIVERED
PO1017,2024-05-22,71,Vitamin B Complex,2730,1.5,4095.0,2,DELIVERED
PO1017,2024-05-22,20,Furosemide 40mg,1225,3.5,4287.5,4,DELIVERED
PO1017,2024-05-22,100,Sertraline 50mg,560,10.0,5600.0,2,DELIVERED
PO1017,2024-05-22,21,Spironolactone 25mg,525,8.0,4200.0,3,DELIVERED
PO1017,2024-05-22,27,Doxycycline 100mg,1862,5.0,9310.0,2,DELIVERED
PO1017,2024-05-22,31,Cephalexin 500mg,1225,10.0,12250.0,3,DELIVERED
PO1017,2024-05-22,11,Amlodipine 5mg,1925,2.5,4812.5,1,DELIVERED
PO1017,2024-05-22,24,Azithromycin 500mg,1470,25.0,36750.0,2,DELIVERED
PO1017,2024-05-22,50,Ondansetron 4mg,700,8.0,5600.0,5,DELIVERED
PO1017,2024-05-22,63,Levocetirizine 5mg,1764,3.0,5292.0,2,DELIVERED
PO1017,2024-05-22,64,Chlorpheniramine 4mg,1120,1.0,1120.0,4,DELIVERED
PO1017,2024-05-22,45,Etoricoxib 90mg,1008,15.0,15120.0,2,DELIVERED
PO1017,2024-05-22,1,Metformin 500mg,3920,1.5,5880.0,3,DELIVERED
PO1017,2024-05-22,89,Ciprofloxacin Eye Drops,224,25.0,5600.0,3,DELIVERED
PO1018,2024-06-01,66,Ambroxol Syrup,420,50.0,21000.0,5,DELIVERED
PO1018,2024-06-01,59,Salbutamol Inhaler,147,120.0,17640.0,4,DELIVERED
PO1018,2024-06-01,9,Vildagliptin 50mg,672,18.0,12096.0,5,DELIVERED
PO1018,2024-06-01,80,B12 Methylcobalamin,980,8.0,7840.0,4,DELIVERED
PO1018,2024-06-01,91,Artificial Tears,336,50.0,16800.0,2,DELIVERED
PO1018,2024-06-01,79,Zinc Sulfate 20mg,1862,2.0,3724.0,2,DELIVERED
PO1018,2024-06-01,37,Paracetamol 650mg,4900,0.8,3920.0,5,DELIVERED
PO1018,2024-06-01,19,Hydrochlorothiazide 25mg,1680,2.0,3360.0,4,DELIVERED
PO1018,2024-06-01,44,Mefenamic Acid 500mg,770,4.0,3080.0,2,DELIVERED
PO1018,2024-06-01,7,Sitagliptin 100mg,840,25.0,21000.0,1,DELIVERED
PO1018,2024-06-01,85,Mupirocin Ointment,392,75.0,29400.0,1,DELIVERED
PO1018,2024-06-01,43,Aspirin 75mg,1925,1.0,1925.0,5,DELIVERED
PO1018,2024-06-01,73,Vitamin D3 60000IU,525,30.0,15750.0,1,DELIVERED
PO1018,2024-06-01,18,Ramipril 5mg,980,7.0,6860.0,3,DELIVERED
PO1018,2024-06-01,29,Levofloxacin 500mg,784,18.0,14112.0,1,DELIVERED
PO1018,2024-06-01,83,Betamethasone Cream,336,40.0,13440.0,2,DELIVERED
PO1018,2024-06-01,1,Metformin 500mg,2800,1.5,4200.0,1,DELIVERED
PO1018,2024-06-01,99,Clonazepam 0.5mg,336,6.0,2016.0,1,DELIVERED
PO1018,2024-06-01,74,Calcium + D3,2695,4.0,10780.0,3,DELIVERED
PO1018,2024-06-01,47,Pantoprazole 40mg,2100,5.0,10500.0,3,DELIVERED
PO1019,2024-06-08,6,Insulin Glargine,49,450.0,22050.0,2,DELIVERED
PO1019,2024-06-08,23,Amoxicillin 500mg,3640,4.0,14560.0,3,DELIVERED
PO1019,2024-06-08,34,Clindamycin 300mg,735,22.0,16170.0,1,DELIVERED
PO1019,2024-06-08,52,Loperamide 2mg,1680,3.0,5040.0,3,DELIVERED
PO1019,2024-06-08,74,Calcium + D3,1925,4.0,7700.0,5,DELIVERED
PO1019,2024-06-08,36,Paracetamol 500mg,4200,0.5,2100.0,2,DELIVERED
PO1019,2024-06-08,68,Ipratropium Inhaler,98,180.0,17640.0,1,DELIVERED
PO1019,2024-06-08,100,Sertraline 50mg,896,10.0,8960.0,3,DELIVERED
PO1019,2024-06-08,37,Paracetamol 650mg,5600,0.8,4480.0,4,DELIVERED
PO1019,2024-06-08,92,Chloramphenicol Ear Drops,280,30.0,8400.0,2,DELIVERED
PO1019,2024-06-08,94,Timolol Eye Drops,196,55.0,10780.0,5,DELIVERED
PO1019,2024-06-08,14,Losartan 50mg,1470,5.0,7350.0,1,DELIVERED
PO1019,2024-06-08,22,Cilnidipine 10mg,770,12.0,9240.0,1,DELIVERED
PO1019,2024-06-08,28,Metronidazole 400mg,2450,3.0,7350.0,5,DELIVERED
PO1019,2024-06-08,18,Ramipril 5mg,980,7.0,6860.0,2,DELIVERED
PO1019,2024-06-08,17,Metoprolol 50mg,1568,4.5,7056.0,1,DELIVERED
PO1019,2024-06-08,24,Azithromycin 500mg,1960,25.0,49000.0,1,DELIVERED
PO1019,2024-06-08,30,Ofloxacin 200mg,1792,6.0,10752.0,5,DELIVERED
PO1019,2024-06-08,5,Insulin Human 40IU,70,85.0,5950.0,4,DELIVERED
PO1019,2024-06-08,72,Vitamin C 500mg,1400,2.0,2800.0,3,DELIVERED
PO1020,2024-06-15,80,B12 Methylcobalamin,980,8.0,7840.0,5,DELIVERED
PO1020,2024-06-15,30,Ofloxacin 200mg,896,6.0,5376.0,2,DELIVERED
PO1020,2024-06-15,10,Gliclazide 80mg,1372,5.0,6860.0,3,DELIVERED
PO1020,2024-06-15,58,Zinc Dispersible 20mg,2450,2.0,4900.0,2,DELIVERED
PO1020,2024-06-15,70,Bromhexine 8mg,1960,3.0,5880.0,1,DELIVERED
PO1020,2024-06-15,39,Diclofenac 50mg,1260,2.5,3150.0,2,DELIVERED
PO1020,2024-06-15,35,Nitrofurantoin 100mg,770,8.0,6160.0,4,DELIVERED
PO1020,2024-06-15,92,Chloramphenicol Ear Drops,140,30.0,4200.0,3,DELIVERED
PO1020,2024-06-15,77,Multivitamin,2240,3.0,6720.0,3,DELIVERED
PO1020,2024-06-15,72,Vitamin C 500mg,2450,2.0,4900.0,2,DELIVERED
PO1020,2024-06-15,99,Clonazepam 0.5mg,504,6.0,3024.0,3,DELIVERED
PO1021,2024-06-22,40,Aceclofenac 100mg,840,5.0,4200.0,1,DELIVERED
PO1021,2024-06-22,4,Glimepiride 2mg,1400,4.0,5600.0,1,DELIVERED
PO1021,2024-06-22,57,Lactulose Syrup,280,85.0,23800.0,2,DELIVERED
PO1021,2024-06-22,63,Levocetirizine 5mg,2352,3.0,7056.0,2,DELIVERED
PO1021,2024-06-22,2,Metformin 850mg,2240,2.0,4480.0,3,DELIVERED
PO1021,2024-06-22,42,Tramadol 50mg,420,8.0,3360.0,2,DELIVERED
PO1021,2024-06-22,30,Ofloxacin 200mg,1792,6.0,10752.0,3,DELIVERED
PO1021,2024-06-22,46,Omeprazole 20mg,3430,3.0,10290.0,4,DELIVERED
PO1021,2024-06-22,84,Permethrin Lotion,336,60.0,20160.0,5,DELIVERED
PO1021,2024-06-22,65,Dextromethorphan Syrup,280,45.0,12600.0,3,DELIVERED
PO1021,2024-06-22,67,Theophylline 300mg,1232,5.0,6160.0,4,DELIVERED
PO1021,2024-06-22,17,Metoprolol 50mg,1344,4.5,6048.0,2,DELIVERED
PO1021,2024-06-22,27,Doxycycline 100mg,1862,5.0,9310.0,1,DELIVERED
PO1021,2024-06-22,34,Clindamycin 300mg,630,22.0,13860.0,4,DELIVERED
PO1021,2024-06-22,71,Vitamin B Complex,2730,1.5,4095.0,1,DELIVERED
PO1022,2024-07-01,31,Cephalexin 500mg,1225,10.0,12250.0,2,DELIVERED
PO1022,2024-07-01,28,Metronidazole 400mg,1750,3.0,5250.0,1,DELIVERED
PO1022,2024-07-01,96,Alprazolam 0.5mg,420,5.0,2100.0,5,DELIVERED
PO1022,2024-07-01,5,Insulin Human 40IU,56,85.0,4760.0,4,DELIVERED
PO1022,2024-07-01,58,Zinc Dispersible 20mg,1400,2.0,2800.0,1,DELIVERED
PO1022,2024-07-01,99,Clonazepam 0.5mg,672,6.0,4032.0,3,DELIVERED
PO1022,2024-07-01,3,Glimepiride 1mg,1470,3.5,5145.0,2,DELIVERED
PO1022,2024-07-01,49,Domperidone 10mg,1120,2.5,2800.0,5,DELIVERED
PO1022,2024-07-01,53,Dicyclomine 20mg,980,4.0,3920.0,4,DELIVERED
PO1022,2024-07-01,54,Sucralfate 1g,700,6.0,4200.0,1,DELIVERED
PO1022,2024-07-01,88,Ketoconazole Shampoo,140,120.0,16800.0,3,DELIVERED
PO1022,2024-07-01,64,Chlorpheniramine 4mg,1120,1.0,1120.0,2,DELIVERED
PO1022,2024-07-01,8,Pioglitazone 15mg,980,8.0,7840.0,4,DELIVERED
PO1022,2024-07-01,83,Betamethasone Cream,672,40.0,26880.0,1,DELIVERED
PO1022,2024-07-01,85,Mupirocin Ointment,392,75.0,29400.0,1,DELIVERED
PO1023,2024-07-08,63,Levocetirizine 5mg,1764,3.0,5292.0,3,DELIVERED
PO1023,2024-07-08,74,Calcium + D3,3080,4.0,12320.0,2,DELIVERED
PO1023,2024-07-08,81,Fluconazole 150mg,336,15.0,5040.0,4,DELIVERED
PO1023,2024-07-08,84,Permethrin Lotion,210,60.0,12600.0,1,DELIVERED
PO1023,2024-07-08,28,Metronidazole 400mg,2450,3.0,7350.0,2,DELIVERED
PO1023,2024-07-08,4,Glimepiride 2mg,1050,4.0,4200.0,4,DELIVERED
PO1023,2024-07-08,54,Sucralfate 1g,840,6.0,5040.0,2,DELIVERED
PO1023,2024-07-08,13,Enalapril 5mg,1470,4.0,5880.0,4,DELIVERED
PO1023,2024-07-08,69,Fluticasone Nasal Spray,168,150.0,25200.0,3,DELIVERED
PO1023,2024-07-08,75,Iron + Folic Acid,3675,2.0,7350.0,2,DELIVERED
PO1023,2024-07-08,18,Ramipril 5mg,980,7.0,6860.0,3,DELIVERED
PO1023,2024-07-08,7,Sitagliptin 100mg,630,25.0,15750.0,1,DELIVERED
PO1023,2024-07-08,2,Metformin 850mg,1960,2.0,3920.0,3,DELIVERED
PO1024,2024-07-15,74,Calcium + D3,1925,4.0,7700.0,1,DELIVERED
PO1024,2024-07-15,85,Mupirocin Ointment,392,75.0,29400.0,2,DELIVERED
PO1024,2024-07-15,78,Vitamin E 400IU,616,5.0,3080.0,5,DELIVERED
PO1024,2024-07-15,4,Glimepiride 2mg,1050,4.0,4200.0,4,DELIVERED
PO1024,2024-07-15,43,Aspirin 75mg,3080,1.0,3080.0,5,DELIVERED
PO1024,2024-07-15,92,Chloramphenicol Ear Drops,140,30.0,4200.0,2,DELIVERED
PO1024,2024-07-15,29,Levofloxacin 500mg,1176,18.0,21168.0,3,DELIVERED
PO1024,2024-07-15,50,Ondansetron 4mg,700,8.0,5600.0,5,DELIVERED
PO1024,2024-07-15,57,Lactulose Syrup,140,85.0,11900.0,5,DELIVERED
PO1024,2024-07-15,80,B12 Methylcobalamin,1568,8.0,12544.0,4,DELIVERED
PO1024,2024-07-15,82,Clotrimazole Cream,560,35.0,19600.0,3,DELIVERED
PO1024,2024-07-15,16,Atenolol 50mg,2016,3.0,6048.0,3,DELIVERED
PO1025,2024-07-22,42,Tramadol 50mg,630,8.0,5040.0,1,DELIVERED
PO1025,2024-07-22,91,Artificial Tears,336,50.0,16800.0,3,DELIVERED
PO1025,2024-07-22,58,Zinc Dispersible 20mg,2450,2.0,4900.0,4,DELIVERED
PO1025,2024-07-22,96,Alprazolam 0.5mg,630,5.0,3150.0,1,DELIVERED
PO1025,2024-07-22,90,Tobramycin Eye Drops,280,45.0,12600.0,2,DELIVERED
PO1025,2024-07-22,93,Ofloxacin Ear Drops,140,40.0,5600.0,1,DELIVERED
PO1025,2024-07-22,69,Fluticasone Nasal Spray,147,150.0,22050.0,4,DELIVERED
PO1025,2024-07-22,100,Sertraline 50mg,672,10.0,6720.0,5,DELIVERED
PO1025,2024-07-22,11,Amlodipine 5mg,3080,2.5,7700.0,2,DELIVERED
PO1025,2024-07-22,94,Timolol Eye Drops,112,55.0,6160.0,1,DELIVERED
PO1025,2024-07-22,34,Clindamycin 300mg,420,22.0,9240.0,2,DELIVERED
PO1025,2024-07-22,38,Ibuprofen 400mg,2520,2.0,5040.0,1,DELIVERED
PO1025,2024-07-22,24,Azithromycin 500mg,1470,25.0,36750.0,1,DELIVERED
PO1025,2024-07-22,5,Insulin Human 40IU,84,85.0,7140.0,5,DELIVERED
PO1025,2024-07-22,41,Nimesulide 100mg,980,3.0,2940.0,4,DELIVERED
PO1025,2024-07-22,8,Pioglitazone 15mg,980,8.0,7840.0,1,DELIVERED
PO1026,2024-08-01,10,Gliclazide 80mg,1568,5.0,7840.0,2,DELIVERED
PO1026,2024-08-01,33,Co-trimoxazole DS,1680,4.0,6720.0,5,DELIVERED
PO1026,2024-08-01,35,Nitrofurantoin 100mg,1078,8.0,8624.0,3,DELIVERED
PO1026,2024-08-01,56,Esomeprazole 40mg,980,10.0,9800.0,3,DELIVERED
PO1026,2024-08-01,46,Omeprazole 20mg,3430,3.0,10290.0,1,DELIVERED
PO1026,2024-08-01,40,Aceclofenac 100mg,1260,5.0,6300.0,5,DELIVERED
PO1026,2024-08-01,67,Theophylline 300mg,1232,5.0,6160.0,5,DELIVERED
PO1026,2024-08-01,1,Metformin 500mg,2800,1.5,4200.0,3,DELIVERED
PO1026,2024-08-01,7,Sitagliptin 100mg,735,25.0,18375.0,4,DELIVERED
PO1026,2024-08-01,2,Metformin 850mg,1400,2.0,2800.0,3,DELIVERED
PO1026,2024-08-01,6,Insulin Glargine,49,450.0,22050.0,4,DELIVERED
PO1026,2024-08-01,38,Ibuprofen 400mg,1680,2.0,3360.0,1,DELIVERED
PO1026,2024-08-01,5,Insulin Human 40IU,70,85.0,5950.0,5,DELIVERED
PO1026,2024-08-01,3,Glimepiride 1mg,980,3.5,3430.0,4,DELIVERED
PO1026,2024-08-01,92,Chloramphenicol Ear Drops,280,30.0,8400.0,3,DELIVERED
PO1026,2024-08-01,53,Dicyclomine 20mg,784,4.0,3136.0,1,DELIVERED
PO1026,2024-08-01,80,B12 Methylcobalamin,1568,8.0,12544.0,1,DELIVERED
PO1026,2024-08-01,60,Budesonide Inhaler,70,250.0,17500.0,1,DELIVERED
PO1026,2024-08-01,50,Ondansetron 4mg,1225,8.0,9800.0,3,DELIVERED
PO1027,2024-08-08,88,Ketoconazole Shampoo,140,120.0,16800.0,1,DELIVERED
PO1027,2024-08-08,85,Mupirocin Ointment,336,75.0,25200.0,1,DELIVERED
PO1027,2024-08-08,48,Ranitidine 150mg,2205,2.0,4410.0,1,DELIVERED
PO1027,2024-08-08,8,Pioglitazone 15mg,980,8.0,7840.0,3,DELIVERED
PO1027,2024-08-08,72,Vitamin C 500mg,1400,2.0,2800.0,4,DELIVERED
PO1027,2024-08-08,87,Silver Sulfadiazine,210,55.0,11550.0,4,DELIVERED
PO1027,2024-08-08,16,Atenolol 50mg,2352,3.0,7056.0,4,DELIVERED
PO1027,2024-08-08,73,Vitamin D3 60000IU,525,30.0,15750.0,1,DELIVERED
PO1027,2024-08-08,43,Aspirin 75mg,1540,1.0,1540.0,2,DELIVERED
PO1027,2024-08-08,78,Vitamin E 400IU,770,5.0,3850.0,2,DELIVERED
PO1027,2024-08-08,3,Glimepiride 1mg,980,3.5,3430.0,5,DELIVERED
PO1027,2024-08-08,40,Aceclofenac 100mg,1470,5.0,7350.0,4,DELIVERED
PO1028,2024-08-15,8,Pioglitazone 15mg,1120,8.0,8960.0,2,DELIVERED
PO1028,2024-08-15,21,Spironolactone 25mg,630,8.0,5040.0,3,DELIVERED
PO1028,2024-08-15,47,Pantoprazole 40mg,1680,5.0,8400.0,5,DELIVERED
PO1028,2024-08-15,40,Aceclofenac 100mg,1050,5.0,5250.0,2,DELIVERED
PO1028,2024-08-15,49,Domperidone 10mg,2240,2.5,5600.0,1,DELIVERED
PO1028,2024-08-15,13,Enalapril 5mg,980,4.0,3920.0,2,DELIVERED
PO1028,2024-08-15,53,Dicyclomine 20mg,1372,4.0,5488.0,2,DELIVERED
PO1028,2024-08-15,66,Ambroxol Syrup,420,50.0,21000.0,3,DELIVERED
PO1028,2024-08-15,33,Co-trimoxazole DS,1960,4.0,7840.0,5,DELIVERED
PO1028,2024-08-15,38,Ibuprofen 400mg,2100,2.0,4200.0,5,DELIVERED
PO1028,2024-08-15,36,Paracetamol 500mg,7350,0.5,3675.0,3,DELIVERED
PO1028,2024-08-15,76,Folic Acid 5mg,2800,1.0,2800.0,1,DELIVERED
PO1028,2024-08-15,54,Sucralfate 1g,840,6.0,5040.0,3,DELIVERED
PO1028,2024-08-15,37,Paracetamol 650mg,5600,0.8,4480.0,5,DELIVERED
PO1028,2024-08-15,98,Amitriptyline 25mg,924,3.0,2772.0,1,DELIVERED
PO1028,2024-08-15,83,Betamethasone Cream,336,40.0,13440.0,5,DELIVERED
PO1028,2024-08-15,65,Dextromethorphan Syrup,336,45.0,15120.0,4,DELIVERED
PO1029,2024-08-22,98,Amitriptyline 25mg,1078,3.0,3234.0,2,DELIVERED
PO1029,2024-08-22,70,Bromhexine 8mg,1715,3.0,5145.0,4,DELIVERED
PO1029,2024-08-22,33,Co-trimoxazole DS,1960,4.0,7840.0,4,DELIVERED
PO1029,2024-08-22,52,Loperamide 2mg,1260,3.0,3780.0,5,DELIVERED
PO1029,2024-08-22,31,Cephalexin 500mg,1225,10.0,12250.0,2,DELIVERED
PO1029,2024-08-22,75,Iron + Folic Acid,3675,2.0,7350.0,5,DELIVERED
PO1029,2024-08-22,20,Furosemide 40mg,700,3.5,2450.0,3,DELIVERED
PO1029,2024-08-22,83,Betamethasone Cream,420,40.0,16800.0,3,DELIVERED
PO1029,2024-08-22,96,Alprazolam 0.5mg,525,5.0,2625.0,3,DELIVERED
PO1029,2024-08-22,38,Ibuprofen 400mg,1680,2.0,3360.0,5,DELIVERED
PO1029,2024-08-22,72,Vitamin C 500mg,1400,2.0,2800.0,5,DELIVERED
PO1029,2024-08-22,95,Prednisolone Eye Drops,147,65.0,9555.0,1,DELIVERED
PO1029,2024-08-22,65,Dextromethorphan Syrup,392,45.0,17640.0,2,DELIVERED
PO1029,2024-08-22,64,Chlorpheniramine 4mg,2240,1.0,2240.0,5,DELIVERED
PO1029,2024-08-22,3,Glimepiride 1mg,1715,3.5,6002.5,3,DELIVERED
PO1030,2024-09-01,56,Esomeprazole 40mg,980,10.0,9800.0,3,DELIVERED
PO1030,2024-09-01,59,Salbutamol Inhaler,168,120.0,20160.0,5,DELIVERED
PO1030,2024-09-01,55,Rabeprazole 20mg,1120,7.0,7840.0,1,DELIVERED
PO1030,2024-09-01,89,Ciprofloxacin Eye Drops,392,25.0,9800.0,4,DELIVERED
PO1030,2024-09-01,52,Loperamide 2mg,1680,3.0,5040.0,4,DELIVERED
PO1030,2024-09-01,97,Escitalopram 10mg,504,8.0,4032.0,5,DELIVERED
PO1030,2024-09-01,8,Pioglitazone 15mg,840,8.0,6720.0,4,DELIVERED
PO1030,2024-09-01,79,Zinc Sulfate 20mg,1862,2.0,3724.0,3,DELIVERED
PO1030,2024-09-01,11,Amlodipine 5mg,3080,2.5,7700.0,1,DELIVERED
PO1030,2024-09-01,76,Folic Acid 5mg,1400,1.0,1400.0,3,DELIVERED
PO1030,2024-09-01,16,Atenolol 50mg,2352,3.0,7056.0,2,DELIVERED
PO1030,2024-09-01,77,Multivitamin,2240,3.0,6720.0,4,DELIVERED
PO1030,2024-09-01,25,Ciprofloxacin 500mg,2205,8.0,17640.0,1,DELIVERED
PO1030,2024-09-01,47,Pantoprazole 40mg,2520,5.0,12600.0,3,DELIVERED
PO1030,2024-09-01,21,Spironolactone 25mg,735,8.0,5880.0,4,DELIVERED
PO1030,2024-09-01,49,Domperidone 10mg,1960,2.5,4900.0,1,DELIVERED
PO1030,2024-09-01,33,Co-trimoxazole DS,1680,4.0,6720.0,1,DELIVERED
PO1031,2024-09-08,58,Zinc Dispersible 20mg,2800,2.0,5600.0,5,DELIVERED
PO1031,2024-09-08,60,Budesonide Inhaler,112,250.0,28000.0,3,DELIVERED
PO1031,2024-09-08,8,Pioglitazone 15mg,980,8.0,7840.0,3,DELIVERED
PO1031,2024-09-08,18,Ramipril 5mg,980,7.0,6860.0,3,DELIVERED
PO1031,2024-09-08,47,Pantoprazole 40mg,2940,5.0,14700.0,2,DELIVERED
PO1031,2024-09-08,96,Alprazolam 0.5mg,735,5.0,3675.0,3,DELIVERED
PO1031,2024-09-08,3,Glimepiride 1mg,1470,3.5,5145.0,5,DELIVERED
PO1031,2024-09-08,90,Tobramycin Eye Drops,210,45.0,9450.0,3,DELIVERED
PO1031,2024-09-08,11,Amlodipine 5mg,2310,2.5,5775.0,3,DELIVERED
PO1031,2024-09-08,48,Ranitidine 150mg,2205,2.0,4410.0,4,DELIVERED
PO1031,2024-09-08,37,Paracetamol 650mg,4900,0.8,3920.0,2,DELIVERED
PO1031,2024-09-08,33,Co-trimoxazole DS,1400,4.0,5600.0,3,DELIVERED
PO1031,2024-09-08,80,B12 Methylcobalamin,1176,8.0,9408.0,2,DELIVERED
PO1031,2024-09-08,5,Insulin Human 40IU,56,85.0,4760.0,3,DELIVERED
PO1031,2024-09-08,82,Clotrimazole Cream,280,35.0,9800.0,5,DELIVERED
PO1032,2024-09-15,28,Metronidazole 400mg,2800,3.0,8400.0,3,DELIVERED
PO1032,2024-09-15,100,Sertraline 50mg,896,10.0,8960.0,5,DELIVERED
PO1032,2024-09-15,2,Metformin 850mg,1960,2.0,3920.0,1,DELIVERED
PO1032,2024-09-15,88,Ketoconazole Shampoo,224,120.0,26880.0,5,DELIVERED
PO1032,2024-09-15,58,Zinc Dispersible 20mg,2100,2.0,4200.0,2,DELIVERED
PO1032,2024-09-15,21,Spironolactone 25mg,735,8.0,5880.0,4,DELIVERED
PO1032,2024-09-15,61,Montelukast 10mg,840,8.0,6720.0,2,DELIVERED
PO1032,2024-09-15,94,Timolol Eye Drops,196,55.0,10780.0,4,DELIVERED
PO1032,2024-09-15,17,Metoprolol 50mg,1792,4.5,8064.0,5,DELIVERED
PO1032,2024-09-15,68,Ipratropium Inhaler,56,180.0,10080.0,2,DELIVERED
PO1032,2024-09-15,81,Fluconazole 150mg,588,15.0,8820.0,4,DELIVERED
PO1032,2024-09-15,91,Artificial Tears,336,50.0,16800.0,3,DELIVERED
PO1032,2024-09-15,90,Tobramycin Eye Drops,280,45.0,12600.0,2,DELIVERED
PO1032,2024-09-15,19,Hydrochlorothiazide 25mg,2240,2.0,4480.0,3,DELIVERED
PO1032,2024-09-15,50,Ondansetron 4mg,875,8.0,7000.0,3,DELIVERED
PO1033,2024-09-22,8,Pioglitazone 15mg,980,8.0,7840.0,5,DELIVERED
PO1033,2024-09-22,62,Cetirizine 10mg,2100,2.0,4200.0,2,DELIVERED
PO1033,2024-09-22,78,Vitamin E 400IU,924,5.0,4620.0,4,DELIVERED
PO1033,2024-09-22,51,ORS Powder,2240,5.0,11200.0,4,DELIVERED
PO1033,2024-09-22,14,Losartan 50mg,1764,5.0,8820.0,5,DELIVERED
PO1033,2024-09-22,56,Esomeprazole 40mg,784,10.0,7840.0,5,DELIVERED
PO1033,2024-09-22,46,Omeprazole 20mg,1960,3.0,5880.0,4,DELIVERED
PO1033,2024-09-22,29,Levofloxacin 500mg,980,18.0,17640.0,4,DELIVERED
PO1033,2024-09-22,64,Chlorpheniramine 4mg,2240,1.0,2240.0,3,DELIVERED
PO1033,2024-09-22,100,Sertraline 50mg,448,10.0,4480.0,4,DELIVERED
PO1034,2024-10-01,44,Mefenamic Acid 500mg,616,4.0,2464.0,4,DELIVERED
PO1034,2024-10-01,78,Vitamin E 400IU,1232,5.0,6160.0,5,DELIVERED
PO1034,2024-10-01,23,Amoxicillin 500mg,2275,4.0,9100.0,2,DELIVERED
PO1034,2024-10-01,45,Etoricoxib 90mg,504,15.0,7560.0,4,DELIVERED
PO1034,2024-10-01,5,Insulin Human 40IU,56,85.0,4760.0,1,DELIVERED
PO1034,2024-10-01,13,Enalapril 5mg,1960,4.0,7840.0,1,DELIVERED
PO1034,2024-10-01,50,Ondansetron 4mg,875,8.0,7000.0,2,DELIVERED
PO1034,2024-10-01,10,Gliclazide 80mg,1176,5.0,5880.0,5,DELIVERED
PO1034,2024-10-01,55,Rabeprazole 20mg,896,7.0,6272.0,2,DELIVERED
PO1034,2024-10-01,79,Zinc Sulfate 20mg,1330,2.0,2660.0,4,DELIVERED
PO1034,2024-10-01,61,Montelukast 10mg,1260,8.0,10080.0,2,DELIVERED
PO1034,2024-10-01,68,Ipratropium Inhaler,70,180.0,12600.0,4,DELIVERED
PO1035,2024-10-08,92,Chloramphenicol Ear Drops,140,30.0,4200.0,2,DELIVERED
PO1035,2024-10-08,23,Amoxicillin 500mg,3640,4.0,14560.0,3,DELIVERED
PO1035,2024-10-08,98,Amitriptyline 25mg,1078,3.0,3234.0,3,DELIVERED
PO1035,2024-10-08,100,Sertraline 50mg,448,10.0,4480.0,2,DELIVERED
PO1035,2024-10-08,36,Paracetamol 500mg,4200,0.5,2100.0,1,DELIVERED
PO1035,2024-10-08,80,B12 Methylcobalamin,1568,8.0,12544.0,2,DELIVERED
PO1035,2024-10-08,37,Paracetamol 650mg,5600,0.8,4480.0,4,DELIVERED
PO1035,2024-10-08,13,Enalapril 5mg,1960,4.0,7840.0,1,DELIVERED
PO1035,2024-10-08,71,Vitamin B Complex,2730,1.5,4095.0,4,DELIVERED
PO1035,2024-10-08,1,Metformin 500mg,3360,1.5,5040.0,5,DELIVERED
PO1035,2024-10-08,12,Amlodipine 10mg,1260,3.5,4410.0,1,DELIVERED
PO1035,2024-10-08,90,Tobramycin Eye Drops,140,45.0,6300.0,2,DELIVERED
PO1035,2024-10-08,49,Domperidone 10mg,1120,2.5,2800.0,2,DELIVERED
PO1035,2024-10-08,87,Silver Sulfadiazine,175,55.0,9625.0,5,DELIVERED
PO1035,2024-10-08,74,Calcium + D3,1540,4.0,6160.0,3,DELIVERED
PO1035,2024-10-08,82,Clotrimazole Cream,560,35.0,19600.0,4,DELIVERED
PO1035,2024-10-08,46,Omeprazole 20mg,3430,3.0,10290.0,4,DELIVERED
PO1035,2024-10-08,79,Zinc Sulfate 20mg,2128,2.0,4256.0,3,DELIVERED
PO1035,2024-10-08,16,Atenolol 50mg,1680,3.0,5040.0,2,DELIVERED
PO1036,2024-10-15,38,Ibuprofen 400mg,3360,2.0,6720.0,3,DELIVERED
PO1036,2024-10-15,25,Ciprofloxacin 500mg,1260,8.0,10080.0,2,DELIVERED
PO1036,2024-10-15,72,Vitamin C 500mg,1400,2.0,2800.0,2,DELIVERED
PO1036,2024-10-15,87,Silver Sulfadiazine,245,55.0,13475.0,4,DELIVERED
PO1036,2024-10-15,27,Doxycycline 100mg,1330,5.0,6650.0,1,DELIVERED
PO1036,2024-10-15,93,Ofloxacin Ear Drops,245,40.0,9800.0,5,DELIVERED
PO1036,2024-10-15,62,Cetirizine 10mg,1750,2.0,3500.0,1,DELIVERED
PO1036,2024-10-15,46,Omeprazole 20mg,3430,3.0,10290.0,2,DELIVERED
PO1036,2024-10-15,96,Alprazolam 0.5mg,630,5.0,3150.0,1,DELIVERED
PO1036,2024-10-15,37,Paracetamol 650mg,4200,0.8,3360.0,3,DELIVERED
PO1036,2024-10-15,21,Spironolactone 25mg,525,8.0,4200.0,2,DELIVERED
PO1036,2024-10-15,68,Ipratropium Inhaler,98,180.0,17640.0,4,DELIVERED
PO1036,2024-10-15,65,Dextromethorphan Syrup,448,45.0,20160.0,5,DELIVERED
PO1036,2024-10-15,39,Diclofenac 50mg,1575,2.5,3937.5,3,DELIVERED
PO1036,2024-10-15,50,Ondansetron 4mg,1050,8.0,8400.0,5,DELIVERED
PO1036,2024-10-15,32,Norfloxacin 400mg,1050,5.0,5250.0,4,DELIVERED
PO1036,2024-10-15,61,Montelukast 10mg,1050,8.0,8400.0,4,DELIVERED
PO1036,2024-10-15,31,Cephalexin 500mg,1400,10.0,14000.0,4,DELIVERED
PO1036,2024-10-15,40,Aceclofenac 100mg,1470,5.0,7350.0,5,DELIVERED
PO1037,2024-10-22,94,Timolol Eye Drops,196,55.0,10780.0,3,DELIVERED
PO1037,2024-10-22,66,Ambroxol Syrup,490,50.0,24500.0,5,DELIVERED
PO1037,2024-10-22,86,Calamine Lotion,490,45.0,22050.0,5,DELIVERED
PO1037,2024-10-22,68,Ipratropium Inhaler,56,180.0,10080.0,1,DELIVERED
PO1037,2024-10-22,73,Vitamin D3 60000IU,630,30.0,18900.0,1,DELIVERED
PO1037,2024-10-22,35,Nitrofurantoin 100mg,1078,8.0,8624.0,4,DELIVERED
PO1037,2024-10-22,77,Multivitamin,1400,3.0,4200.0,5,DELIVERED
PO1037,2024-10-22,11,Amlodipine 5mg,2695,2.5,6737.5,5,DELIVERED
PO1037,2024-10-22,22,Cilnidipine 10mg,1078,12.0,12936.0,3,DELIVERED
PO1037,2024-10-22,56,Esomeprazole 40mg,980,10.0,9800.0,3,DELIVERED
PO1037,2024-10-22,57,Lactulose Syrup,140,85.0,11900.0,3,DELIVERED
PO1037,2024-10-22,65,Dextromethorphan Syrup,392,45.0,17640.0,2,DELIVERED
PO1037,2024-10-22,63,Levocetirizine 5mg,1176,3.0,3528.0,5,DELIVERED
PO1038,2024-11-01,19,Hydrochlorothiazide 25mg,1120,2.0,2240.0,2,DELIVERED
PO1038,2024-11-01,3,Glimepiride 1mg,1960,3.5,6860.0,3,DELIVERED
PO1038,2024-11-01,37,Paracetamol 650mg,3500,0.8,2800.0,2,DELIVERED
PO1038,2024-11-01,34,Clindamycin 300mg,735,22.0,16170.0,1,DELIVERED
PO1038,2024-11-01,10,Gliclazide 80mg,980,5.0,4900.0,4,DELIVERED
PO1038,2024-11-01,91,Artificial Tears,336,50.0,16800.0,4,DELIVERED
PO1038,2024-11-01,2,Metformin 850mg,2240,2.0,4480.0,1,DELIVERED
PO1038,2024-11-01,59,Salbutamol Inhaler,126,120.0,15120.0,5,DELIVERED
PO1038,2024-11-01,14,Losartan 50mg,2058,5.0,10290.0,2,DELIVERED
PO1038,2024-11-01,73,Vitamin D3 60000IU,630,30.0,18900.0,3,DELIVERED
PO1039,2024-11-08,11,Amlodipine 5mg,3080,2.5,7700.0,3,DELIVERED
PO1039,2024-11-08,75,Iron + Folic Acid,3150,2.0,6300.0,4,DELIVERED
PO1039,2024-11-08,27,Doxycycline 100mg,1862,5.0,9310.0,2,DELIVERED
PO1039,2024-11-08,48,Ranitidine 150mg,1260,2.0,2520.0,2,DELIVERED
PO1039,2024-11-08,9,Vildagliptin 50mg,588,18.0,10584.0,1,DELIVERED
PO1039,2024-11-08,85,Mupirocin Ointment,224,75.0,16800.0,1,DELIVERED
PO1039,2024-11-08,4,Glimepiride 2mg,1225,4.0,4900.0,3,DELIVERED
PO1039,2024-11-08,15,Telmisartan 40mg,2128,6.0,12768.0,2,DELIVERED
PO1039,2024-11-08,93,Ofloxacin Ear Drops,140,40.0,5600.0,4,DELIVERED
PO1039,2024-11-08,42,Tramadol 50mg,630,8.0,5040.0,4,DELIVERED
PO1040,2024-11-15,64,Chlorpheniramine 4mg,1400,1.0,1400.0,2,DELIVERED
PO1040,2024-11-15,30,Ofloxacin 200mg,1792,6.0,10752.0,4,DELIVERED
PO1040,2024-11-15,1,Metformin 500mg,2240,1.5,3360.0,1,DELIVERED
PO1040,2024-11-15,24,Azithromycin 500mg,980,25.0,24500.0,1,DELIVERED
PO1040,2024-11-15,14,Losartan 50mg,1764,5.0,8820.0,5,DELIVERED
PO1040,2024-11-15,91,Artificial Tears,280,50.0,14000.0,4,DELIVERED
PO1040,2024-11-15,90,Tobramycin Eye Drops,175,45.0,7875.0,1,DELIVERED
PO1040,2024-11-15,57,Lactulose Syrup,280,85.0,23800.0,5,DELIVERED
PO1040,2024-11-15,28,Metronidazole 400mg,1750,3.0,5250.0,2,DELIVERED
PO1040,2024-11-15,59,Salbutamol Inhaler,126,120.0,15120.0,1,DELIVERED
PO1041,2024-11-22,54,Sucralfate 1g,980,6.0,5880.0,1,DELIVERED
PO1041,2024-11-22,10,Gliclazide 80mg,980,5.0,4900.0,3,DELIVERED
PO1041,2024-11-22,27,Doxycycline 100mg,1064,5.0,5320.0,3,DELIVERED
PO1041,2024-11-22,68,Ipratropium Inhaler,70,180.0,12600.0,3,DELIVERED
PO1041,2024-11-22,49,Domperidone 10mg,2240,2.5,5600.0,1,DELIVERED
PO1041,2024-11-22,43,Aspirin 75mg,2310,1.0,2310.0,4,DELIVERED
PO1041,2024-11-22,35,Nitrofurantoin 100mg,616,8.0,4928.0,1,DELIVERED
PO1041,2024-11-22,89,Ciprofloxacin Eye Drops,448,25.0,11200.0,1,DELIVERED
PO1041,2024-11-22,76,Folic Acid 5mg,1400,1.0,1400.0,3,DELIVERED
PO1041,2024-11-22,55,Rabeprazole 20mg,1344,7.0,9408.0,1,DELIVERED
PO1042,2024-12-01,41,Nimesulide 100mg,980,3.0,2940.0,2,DELIVERED
PO1042,2024-12-01,96,Alprazolam 0.5mg,735,5.0,3675.0,4,DELIVERED
PO1042,2024-12-01,32,Norfloxacin 400mg,1680,5.0,8400.0,2,DELIVERED
PO1042,2024-12-01,9,Vildagliptin 50mg,504,18.0,9072.0,4,DELIVERED
PO1042,2024-12-01,91,Artificial Tears,392,50.0,19600.0,5,DELIVERED
PO1042,2024-12-01,15,Telmisartan 40mg,1862,6.0,11172.0,4,DELIVERED
PO1042,2024-12-01,74,Calcium + D3,1540,4.0,6160.0,3,DELIVERED
PO1042,2024-12-01,42,Tramadol 50mg,630,8.0,5040.0,5,DELIVERED
PO1042,2024-12-01,79,Zinc Sulfate 20mg,1596,2.0,3192.0,4,DELIVERED
PO1042,2024-12-01,81,Fluconazole 150mg,420,15.0,6300.0,3,DELIVERED
PO1042,2024-12-01,53,Dicyclomine 20mg,1372,4.0,5488.0,3,DELIVERED
PO1043,2024-12-08,35,Nitrofurantoin 100mg,924,8.0,7392.0,5,DELIVERED
PO1043,2024-12-08,22,Cilnidipine 10mg,1078,12.0,12936.0,1,DELIVERED
PO1043,2024-12-08,23,Amoxicillin 500mg,3185,4.0,12740.0,3,DELIVERED
PO1043,2024-12-08,40,Aceclofenac 100mg,1260,5.0,6300.0,1,DELIVERED
PO1043,2024-12-08,52,Loperamide 2mg,1680,3.0,5040.0,2,DELIVERED
PO1043,2024-12-08,34,Clindamycin 300mg,735,22.0,16170.0,4,DELIVERED
PO1043,2024-12-08,97,Escitalopram 10mg,504,8.0,4032.0,1,DELIVERED
PO1043,2024-12-08,8,Pioglitazone 15mg,840,8.0,6720.0,5,DELIVERED
PO1043,2024-12-08,50,Ondansetron 4mg,1400,8.0,11200.0,1,DELIVERED
PO1043,2024-12-08,76,Folic Acid 5mg,2450,1.0,2450.0,1,DELIVERED
PO1044,2024-12-15,72,Vitamin C 500mg,2100,2.0,4200.0,1,DELIVERED
PO1044,2024-12-15,3,Glimepiride 1mg,1470,3.5,5145.0,3,DELIVERED
PO1044,2024-12-15,10,Gliclazide 80mg,1176,5.0,5880.0,1,DELIVERED
PO1044,2024-12-15,73,Vitamin D3 60000IU,630,30.0,18900.0,3,DELIVERED
PO1044,2024-12-15,64,Chlorpheniramine 4mg,1400,1.0,1400.0,5,DELIVERED
PO1044,2024-12-15,86,Calamine Lotion,420,45.0,18900.0,2,DELIVERED
PO1044,2024-12-15,43,Aspirin 75mg,2695,1.0,2695.0,4,DELIVERED
PO1044,2024-12-15,46,Omeprazole 20mg,1960,3.0,5880.0,5,DELIVERED
PO1044,2024-12-15,63,Levocetirizine 5mg,2352,3.0,7056.0,1,DELIVERED
PO1044,2024-12-15,6,Insulin Glargine,42,450.0,18900.0,1,DELIVERED
PO1044,2024-12-15,22,Cilnidipine 10mg,616,12.0,7392.0,3,DELIVERED
PO1044,2024-12-15,52,Loperamide 2mg,840,3.0,2520.0,2,DELIVERED
PO1044,2024-12-15,95,Prednisolone Eye Drops,147,65.0,9555.0,5,DELIVERED
PO1044,2024-12-15,71,Vitamin B Complex,3185,1.5,4777.5,2,DELIVERED
PO1044,2024-12-15,49,Domperidone 10mg,1960,2.5,4900.0,5,DELIVERED
PO1045,2024-12-22,80,B12 Methylcobalamin,784,8.0,6272.0,4,DELIVERED
PO1045,2024-12-22,57,Lactulose Syrup,245,85.0,20825.0,5,DELIVERED
PO1045,2024-12-22,6,Insulin Glargine,28,450.0,12600.0,4,DELIVERED
PO1045,2024-12-22,38,Ibuprofen 400mg,1680,2.0,3360.0,1,DELIVERED
PO1045,2024-12-22,19,Hydrochlorothiazide 25mg,1960,2.0,3920.0,5,DELIVERED
PO1045,2024-12-22,33,Co-trimoxazole DS,1120,4.0,4480.0,3,DELIVERED
PO1045,2024-12-22,9,Vildagliptin 50mg,420,18.0,7560.0,4,DELIVERED
PO1045,2024-12-22,53,Dicyclomine 20mg,1176,4.0,4704.0,5,DELIVERED
PO1045,2024-12-22,93,Ofloxacin Ear Drops,245,40.0,9800.0,2,DELIVERED
PO1045,2024-12-22,73,Vitamin D3 60000IU,525,30.0,15750.0,5,DELIVERED
PO1045,2024-12-22,86,Calamine Lotion,490,45.0,22050.0,4,DELIVERED
PO1045,2024-12-22,65,Dextromethorphan Syrup,392,45.0,17640.0,1,DELIVERED
PO1045,2024-12-22,15,Telmisartan 40mg,1064,6.0,6384.0,3,DELIVERED
PO1045,2024-12-22,20,Furosemide 40mg,1050,3.5,3675.0,1,DELIVERED
PO1046,2025-01-01,11,Amlodipine 5mg,2695,2.5,6737.5,5,DELIVERED
PO1046,2025-01-01,42,Tramadol 50mg,630,8.0,5040.0,2,DELIVERED
PO1046,2025-01-01,5,Insulin Human 40IU,112,85.0,9520.0,3,DELIVERED
PO1046,2025-01-01,4,Glimepiride 2mg,1050,4.0,4200.0,3,DELIVERED
PO1046,2025-01-01,64,Chlorpheniramine 4mg,1960,1.0,1960.0,4,DELIVERED
PO1046,2025-01-01,56,Esomeprazole 40mg,784,10.0,7840.0,5,DELIVERED
PO1046,2025-01-01,2,Metformin 850mg,1960,2.0,3920.0,4,DELIVERED
PO1046,2025-01-01,89,Ciprofloxacin Eye Drops,392,25.0,9800.0,1,DELIVERED
PO1046,2025-01-01,59,Salbutamol Inhaler,147,120.0,17640.0,4,DELIVERED
PO1046,2025-01-01,45,Etoricoxib 90mg,882,15.0,13230.0,2,DELIVERED
PO1046,2025-01-01,97,Escitalopram 10mg,504,8.0,4032.0,5,DELIVERED
PO1046,2025-01-01,15,Telmisartan 40mg,1330,6.0,7980.0,2,DELIVERED
PO1046,2025-01-01,91,Artificial Tears,448,50.0,22400.0,2,DELIVERED
PO1046,2025-01-01,96,Alprazolam 0.5mg,630,5.0,3150.0,5,DELIVERED
PO1046,2025-01-01,69,Fluticasone Nasal Spray,84,150.0,12600.0,3,DELIVERED
PO1046,2025-01-01,1,Metformin 500mg,2800,1.5,4200.0,1,DELIVERED
PO1046,2025-01-01,58,Zinc Dispersible 20mg,2800,2.0,5600.0,2,DELIVERED
PO1047,2025-01-08,47,Pantoprazole 40mg,2940,5.0,14700.0,3,DELIVERED
PO1047,2025-01-08,21,Spironolactone 25mg,420,8.0,3360.0,5,DELIVERED
PO1047,2025-01-08,58,Zinc Dispersible 20mg,2800,2.0,5600.0,1,DELIVERED
PO1047,2025-01-08,23,Amoxicillin 500mg,2275,4.0,9100.0,1,DELIVERED
PO1047,2025-01-08,96,Alprazolam 0.5mg,630,5.0,3150.0,5,DELIVERED
PO1047,2025-01-08,80,B12 Methylcobalamin,1568,8.0,12544.0,3,DELIVERED
PO1047,2025-01-08,63,Levocetirizine 5mg,1764,3.0,5292.0,4,DELIVERED
PO1047,2025-01-08,69,Fluticasone Nasal Spray,147,150.0,22050.0,5,DELIVERED
PO1047,2025-01-08,29,Levofloxacin 500mg,1568,18.0,28224.0,5,DELIVERED
PO1047,2025-01-08,26,Cefixime 200mg,840,15.0,12600.0,1,DELIVERED
PO1047,2025-01-08,55,Rabeprazole 20mg,1120,7.0,7840.0,2,DELIVERED
PO1048,2025-01-15,97,Escitalopram 10mg,882,8.0,7056.0,1,DELIVERED
PO1048,2025-01-15,52,Loperamide 2mg,840,3.0,2520.0,4,DELIVERED
PO1048,2025-01-15,17,Metoprolol 50mg,1120,4.5,5040.0,1,DELIVERED
PO1048,2025-01-15,8,Pioglitazone 15mg,980,8.0,7840.0,2,DELIVERED
PO1048,2025-01-15,69,Fluticasone Nasal Spray,147,150.0,22050.0,1,DELIVERED
PO1048,2025-01-15,28,Metronidazole 400mg,1750,3.0,5250.0,3,DELIVERED
PO1048,2025-01-15,54,Sucralfate 1g,840,6.0,5040.0,5,DELIVERED
PO1048,2025-01-15,13,Enalapril 5mg,1470,4.0,5880.0,5,DELIVERED
PO1048,2025-01-15,96,Alprazolam 0.5mg,420,5.0,2100.0,3,DELIVERED
PO1048,2025-01-15,2,Metformin 850mg,1120,2.0,2240.0,4,DELIVERED
PO1048,2025-01-15,72,Vitamin C 500mg,2450,2.0,4900.0,4,DELIVERED
PO1048,2025-01-15,70,Bromhexine 8mg,980,3.0,2940.0,4,DELIVERED
PO1048,2025-01-15,5,Insulin Human 40IU,98,85.0,8330.0,2,DELIVERED
PO1048,2025-01-15,20,Furosemide 40mg,1400,3.5,4900.0,4,DELIVERED
PO1048,2025-01-15,46,Omeprazole 20mg,2940,3.0,8820.0,5,DELIVERED
PO1049,2025-01-22,96,Alprazolam 0.5mg,630,5.0,3150.0,3,DELIVERED
PO1049,2025-01-22,25,Ciprofloxacin 500mg,1260,8.0,10080.0,5,DELIVERED
PO1049,2025-01-22,50,Ondansetron 4mg,700,8.0,5600.0,4,DELIVERED
PO1049,2025-01-22,7,Sitagliptin 100mg,840,25.0,21000.0,3,DELIVERED
PO1049,2025-01-22,17,Metoprolol 50mg,896,4.5,4032.0,5,DELIVERED
PO1049,2025-01-22,100,Sertraline 50mg,784,10.0,7840.0,5,DELIVERED
PO1049,2025-01-22,47,Pantoprazole 40mg,2940,5.0,14700.0,2,DELIVERED
PO1049,2025-01-22,32,Norfloxacin 400mg,1680,5.0,8400.0,4,DELIVERED
PO1049,2025-01-22,49,Domperidone 10mg,1120,2.5,2800.0,5,DELIVERED
PO1049,2025-01-22,66,Ambroxol Syrup,350,50.0,17500.0,3,DELIVERED
PO1049,2025-01-22,63,Levocetirizine 5mg,1176,3.0,3528.0,1,DELIVERED
PO1049,2025-01-22,19,Hydrochlorothiazide 25mg,1120,2.0,2240.0,1,DELIVERED
PO1049,2025-01-22,8,Pioglitazone 15mg,980,8.0,7840.0,4,DELIVERED
PO1049,2025-01-22,80,B12 Methylcobalamin,1176,8.0,9408.0,5,DELIVERED
PO1049,2025-01-22,23,Amoxicillin 500mg,2730,4.0,10920.0,5,DELIVERED
PO1049,2025-01-22,42,Tramadol 50mg,630,8.0,5040.0,2,DELIVERED
PO1050,2025-02-01,30,Ofloxacin 200mg,1568,6.0,9408.0,3,DELIVERED
PO1050,2025-02-01,4,Glimepiride 2mg,1400,4.0,5600.0,2,DELIVERED
PO1050,2025-02-01,97,Escitalopram 10mg,882,8.0,7056.0,3,DELIVERED
PO1050,2025-02-01,1,Metformin 500mg,4480,1.5,6720.0,1,DELIVERED
PO1050,2025-02-01,36,Paracetamol 500mg,6300,0.5,3150.0,3,DELIVERED
PO1050,2025-02-01,56,Esomeprazole 40mg,1372,10.0,13720.0,5,DELIVERED
PO1050,2025-02-01,8,Pioglitazone 15mg,560,8.0,4480.0,3,DELIVERED
PO1050,2025-02-01,29,Levofloxacin 500mg,1568,18.0,28224.0,2,DELIVERED
PO1050,2025-02-01,90,Tobramycin Eye Drops,140,45.0,6300.0,3,DELIVERED
PO1050,2025-02-01,41,Nimesulide 100mg,1715,3.0,5145.0,1,DELIVERED
PO1050,2025-02-01,84,Permethrin Lotion,210,60.0,12600.0,4,DELIVERED
PO1050,2025-02-01,92,Chloramphenicol Ear Drops,280,30.0,8400.0,5,DELIVERED
PO1050,2025-02-01,54,Sucralfate 1g,560,6.0,3360.0,2,DELIVERED
PO1050,2025-02-01,91,Artificial Tears,392,50.0,19600.0,4,DELIVERED
PO1050,2025-02-01,69,Fluticasone Nasal Spray,126,150.0,18900.0,3,DELIVERED
PO1050,2025-02-01,78,Vitamin E 400IU,616,5.0,3080.0,2,DELIVERED
PO1050,2025-02-01,81,Fluconazole 150mg,336,15.0,5040.0,1,DELIVERED
PO1050,2025-02-01,64,Chlorpheniramine 4mg,1680,1.0,1680.0,1,DELIVERED
PO1050,2025-02-01,5,Insulin Human 40IU,56,85.0,4760.0,5,DELIVERED
PO1051,2025-02-08,42,Tramadol 50mg,630,8.0,5040.0,1,DELIVERED
PO1051,2025-02-08,63,Levocetirizine 5mg,2058,3.0,6174.0,2,DELIVERED
PO1051,2025-02-08,43,Aspirin 75mg,2310,1.0,2310.0,3,DELIVERED
PO1051,2025-02-08,39,Diclofenac 50mg,1575,2.5,3937.5,2,DELIVERED
PO1051,2025-02-08,62,Cetirizine 10mg,1400,2.0,2800.0,3,DELIVERED
PO1051,2025-02-08,27,Doxycycline 100mg,1330,5.0,6650.0,5,DELIVERED
PO1051,2025-02-08,70,Bromhexine 8mg,1470,3.0,4410.0,1,DELIVERED
PO1051,2025-02-08,66,Ambroxol Syrup,420,50.0,21000.0,3,DELIVERED
PO1051,2025-02-08,100,Sertraline 50mg,448,10.0,4480.0,1,DELIVERED
PO1051,2025-02-08,1,Metformin 500mg,2800,1.5,4200.0,3,DELIVERED
PO1051,2025-02-08,37,Paracetamol 650mg,3500,0.8,2800.0,3,DELIVERED
PO1051,2025-02-08,24,Azithromycin 500mg,1715,25.0,42875.0,1,DELIVERED
PO1051,2025-02-08,40,Aceclofenac 100mg,840,5.0,4200.0,4,DELIVERED
PO1051,2025-02-08,4,Glimepiride 2mg,1400,4.0,5600.0,5,DELIVERED
PO1051,2025-02-08,49,Domperidone 10mg,1960,2.5,4900.0,3,DELIVERED
PO1051,2025-02-08,21,Spironolactone 25mg,420,8.0,3360.0,3,DELIVERED
PO1051,2025-02-08,22,Cilnidipine 10mg,616,12.0,7392.0,2,DELIVERED
PO1051,2025-02-08,65,Dextromethorphan Syrup,448,45.0,20160.0,1,DELIVERED
PO1052,2025-02-15,82,Clotrimazole Cream,420,35.0,14700.0,1,DELIVERED
PO1052,2025-02-15,35,Nitrofurantoin 100mg,924,8.0,7392.0,4,DELIVERED
PO1052,2025-02-15,12,Amlodipine 10mg,1680,3.5,5880.0,5,DELIVERED
PO1052,2025-02-15,66,Ambroxol Syrup,350,50.0,17500.0,2,DELIVERED
PO1052,2025-02-15,4,Glimepiride 2mg,875,4.0,3500.0,4,DELIVERED
PO1052,2025-02-15,46,Omeprazole 20mg,3430,3.0,10290.0,5,DELIVERED
PO1052,2025-02-15,96,Alprazolam 0.5mg,525,5.0,2625.0,4,DELIVERED
PO1052,2025-02-15,38,Ibuprofen 400mg,3360,2.0,6720.0,5,DELIVERED
PO1052,2025-02-15,14,Losartan 50mg,2352,5.0,11760.0,3,DELIVERED
PO1052,2025-02-15,17,Metoprolol 50mg,1568,4.5,7056.0,2,DELIVERED
PO1052,2025-02-15,3,Glimepiride 1mg,1960,3.5,6860.0,4,DELIVERED
PO1052,2025-02-15,92,Chloramphenicol Ear Drops,280,30.0,8400.0,2,DELIVERED
PO1052,2025-02-15,1,Metformin 500mg,2240,1.5,3360.0,5,DELIVERED
PO1052,2025-02-15,64,Chlorpheniramine 4mg,1400,1.0,1400.0,3,DELIVERED
PO1052,2025-02-15,34,Clindamycin 300mg,525,22.0,11550.0,2,DELIVERED
PO1052,2025-02-15,81,Fluconazole 150mg,672,15.0,10080.0,1,DELIVERED
PO1052,2025-02-15,6,Insulin Glargine,49,450.0,22050.0,1,DELIVERED
PO1052,2025-02-15,36,Paracetamol 500mg,6300,0.5,3150.0,4,DELIVERED
PO1053,2025-02-22,53,Dicyclomine 20mg,1176,4.0,4704.0,5,DELIVERED
PO1053,2025-02-22,6,Insulin Glargine,28,450.0,12600.0,5,DELIVERED
PO1053,2025-02-22,57,Lactulose Syrup,175,85.0,14875.0,4,DELIVERED
PO1053,2025-02-22,11,Amlodipine 5mg,2695,2.5,6737.5,5,DELIVERED
PO1053,2025-02-22,20,Furosemide 40mg,1050,3.5,3675.0,2,DELIVERED
PO1053,2025-02-22,39,Diclofenac 50mg,2205,2.5,5512.5,3,DELIVERED
PO1053,2025-02-22,16,Atenolol 50mg,1680,3.0,5040.0,4,DELIVERED
PO1053,2025-02-22,27,Doxycycline 100mg,1596,5.0,7980.0,2,DELIVERED
PO1053,2025-02-22,62,Cetirizine 10mg,1400,2.0,2800.0,3,DELIVERED
PO1053,2025-02-22,79,Zinc Sulfate 20mg,1596,2.0,3192.0,5,DELIVERED
PO1053,2025-02-22,12,Amlodipine 10mg,1260,3.5,4410.0,3,DELIVERED
PO1053,2025-02-22,18,Ramipril 5mg,1372,7.0,9604.0,5,DELIVERED
PO1053,2025-02-22,83,Betamethasone Cream,336,40.0,13440.0,3,DELIVERED
PO1054,2025-03-01,97,Escitalopram 10mg,504,8.0,4032.0,5,DELIVERED
PO1054,2025-03-01,70,Bromhexine 8mg,1715,3.0,5145.0,5,DELIVERED
PO1054,2025-03-01,75,Iron + Folic Acid,4200,2.0,8400.0,5,DELIVERED
PO1054,2025-03-01,41,Nimesulide 100mg,1715,3.0,5145.0,4,DELIVERED
PO1054,2025-03-01,14,Losartan 50mg,1470,5.0,7350.0,2,DELIVERED
PO1054,2025-03-01,38,Ibuprofen 400mg,1680,2.0,3360.0,2,DELIVERED
PO1054,2025-03-01,49,Domperidone 10mg,1400,2.5,3500.0,1,DELIVERED
PO1054,2025-03-01,90,Tobramycin Eye Drops,210,45.0,9450.0,2,DELIVERED
PO1054,2025-03-01,30,Ofloxacin 200mg,1120,6.0,6720.0,2,DELIVERED
PO1054,2025-03-01,84,Permethrin Lotion,210,60.0,12600.0,5,DELIVERED
PO1055,2025-03-08,81,Fluconazole 150mg,504,15.0,7560.0,1,DELIVERED
PO1055,2025-03-08,98,Amitriptyline 25mg,616,3.0,1848.0,3,DELIVERED
PO1055,2025-03-08,31,Cephalexin 500mg,875,10.0,8750.0,5,DELIVERED
PO1055,2025-03-08,14,Losartan 50mg,2058,5.0,10290.0,4,DELIVERED
PO1055,2025-03-08,85,Mupirocin Ointment,392,75.0,29400.0,5,DELIVERED
PO1055,2025-03-08,73,Vitamin D3 60000IU,630,30.0,18900.0,4,DELIVERED
PO1055,2025-03-08,50,Ondansetron 4mg,700,8.0,5600.0,4,DELIVERED
PO1055,2025-03-08,1,Metformin 500mg,2800,1.5,4200.0,4,DELIVERED
PO1055,2025-03-08,99,Clonazepam 0.5mg,336,6.0,2016.0,2,DELIVERED
PO1055,2025-03-08,19,Hydrochlorothiazide 25mg,1960,2.0,3920.0,3,DELIVERED
PO1055,2025-03-08,42,Tramadol 50mg,735,8.0,5880.0,5,DELIVERED
PO1055,2025-03-08,4,Glimepiride 2mg,1400,4.0,5600.0,4,DELIVERED
PO1055,2025-03-08,79,Zinc Sulfate 20mg,1862,2.0,3724.0,2,DELIVERED
PO1055,2025-03-08,93,Ofloxacin Ear Drops,245,40.0,9800.0,5,DELIVERED
PO1055,2025-03-08,92,Chloramphenicol Ear Drops,140,30.0,4200.0,3,DELIVERED
PO1055,2025-03-08,20,Furosemide 40mg,875,3.5,3062.5,4,DELIVERED
PO1055,2025-03-08,64,Chlorpheniramine 4mg,1400,1.0,1400.0,5,DELIVERED
PO1055,2025-03-08,3,Glimepiride 1mg,980,3.5,3430.0,5,DELIVERED
PO1056,2025-03-15,19,Hydrochlorothiazide 25mg,1960,2.0,3920.0,3,DELIVERED
PO1056,2025-03-15,26,Cefixime 200mg,840,15.0,12600.0,5,DELIVERED
PO1056,2025-03-15,25,Ciprofloxacin 500mg,2205,8.0,17640.0,2,DELIVERED
PO1056,2025-03-15,6,Insulin Glargine,28,450.0,12600.0,1,DELIVERED
PO1056,2025-03-15,73,Vitamin D3 60000IU,840,30.0,25200.0,5,DELIVERED
PO1056,2025-03-15,59,Salbutamol Inhaler,147,120.0,17640.0,2,DELIVERED
PO1056,2025-03-15,4,Glimepiride 2mg,1225,4.0,4900.0,4,DELIVERED
PO1056,2025-03-15,12,Amlodipine 10mg,1680,3.5,5880.0,2,DELIVERED
PO1056,2025-03-15,78,Vitamin E 400IU,1232,5.0,6160.0,1,DELIVERED
PO1056,2025-03-15,75,Iron + Folic Acid,3675,2.0,7350.0,5,DELIVERED
PO1056,2025-03-15,70,Bromhexine 8mg,1960,3.0,5880.0,4,DELIVERED
PO1056,2025-03-15,22,Cilnidipine 10mg,616,12.0,7392.0,1,DELIVERED
PO1056,2025-03-15,38,Ibuprofen 400mg,2940,2.0,5880.0,4,DELIVERED
PO1056,2025-03-15,60,Budesonide Inhaler,112,250.0,28000.0,5,DELIVERED
PO1056,2025-03-15,64,Chlorpheniramine 4mg,1120,1.0,1120.0,2,DELIVERED
PO1056,2025-03-15,7,Sitagliptin 100mg,735,25.0,18375.0,5,DELIVERED
PO1056,2025-03-15,81,Fluconazole 150mg,336,15.0,5040.0,3,DELIVERED
PO1056,2025-03-15,88,Ketoconazole Shampoo,140,120.0,16800.0,3,DELIVERED
PO1057,2025-03-22,70,Bromhexine 8mg,1225,3.0,3675.0,2,DELIVERED
PO1057,2025-03-22,87,Silver Sulfadiazine,210,55.0,11550.0,1,DELIVERED
PO1057,2025-03-22,35,Nitrofurantoin 100mg,1232,8.0,9856.0,5,DELIVERED
PO1057,2025-03-22,49,Domperidone 10mg,1960,2.5,4900.0,5,DELIVERED
PO1057,2025-03-22,42,Tramadol 50mg,735,8.0,5880.0,1,DELIVERED
PO1057,2025-03-22,65,Dextromethorphan Syrup,280,45.0,12600.0,1,DELIVERED
PO1057,2025-03-22,3,Glimepiride 1mg,980,3.5,3430.0,5,DELIVERED
PO1057,2025-03-22,55,Rabeprazole 20mg,896,7.0,6272.0,5,DELIVERED
PO1057,2025-03-22,100,Sertraline 50mg,560,10.0,5600.0,3,DELIVERED
PO1057,2025-03-22,10,Gliclazide 80mg,1568,5.0,7840.0,1,DELIVERED
PO1057,2025-03-22,58,Zinc Dispersible 20mg,2800,2.0,5600.0,5,DELIVERED
PO1057,2025-03-22,77,Multivitamin,1680,3.0,5040.0,3,DELIVERED
PO1058,2025-04-01,68,Ipratropium Inhaler,98,180.0,17640.0,2,DELIVERED
PO1058,2025-04-01,59,Salbutamol Inhaler,147,120.0,17640.0,1,DELIVERED
PO1058,2025-04-01,71,Vitamin B Complex,2275,1.5,3412.5,1,DELIVERED
PO1058,2025-04-01,74,Calcium + D3,1925,4.0,7700.0,1,DELIVERED
PO1058,2025-04-01,6,Insulin Glargine,56,450.0,25200.0,1,DELIVERED
PO1058,2025-04-01,35,Nitrofurantoin 100mg,1078,8.0,8624.0,4,DELIVERED
PO1058,2025-04-01,69,Fluticasone Nasal Spray,147,150.0,22050.0,3,DELIVERED
PO1058,2025-04-01,32,Norfloxacin 400mg,840,5.0,4200.0,3,DELIVERED
PO1058,2025-04-01,25,Ciprofloxacin 500mg,2520,8.0,20160.0,5,DELIVERED
PO1058,2025-04-01,33,Co-trimoxazole DS,1960,4.0,7840.0,3,DELIVERED
PO1058,2025-04-01,54,Sucralfate 1g,700,6.0,4200.0,1,DELIVERED
PO1058,2025-04-01,41,Nimesulide 100mg,1960,3.0,5880.0,4,DELIVERED
PO1058,2025-04-01,70,Bromhexine 8mg,1960,3.0,5880.0,1,DELIVERED
PO1058,2025-04-01,49,Domperidone 10mg,1400,2.5,3500.0,4,DELIVERED
PO1059,2025-04-08,23,Amoxicillin 500mg,3640,4.0,14560.0,1,DELIVERED
PO1059,2025-04-08,83,Betamethasone Cream,420,40.0,16800.0,4,DELIVERED
PO1059,2025-04-08,100,Sertraline 50mg,560,10.0,5600.0,1,DELIVERED
PO1059,2025-04-08,43,Aspirin 75mg,2310,1.0,2310.0,2,DELIVERED
PO1059,2025-04-08,91,Artificial Tears,224,50.0,11200.0,4,DELIVERED
PO1059,2025-04-08,31,Cephalexin 500mg,1050,10.0,10500.0,4,DELIVERED
PO1059,2025-04-08,57,Lactulose Syrup,175,85.0,14875.0,3,DELIVERED
PO1059,2025-04-08,14,Losartan 50mg,2058,5.0,10290.0,5,DELIVERED
PO1059,2025-04-08,17,Metoprolol 50mg,1792,4.5,8064.0,3,DELIVERED
PO1059,2025-04-08,54,Sucralfate 1g,840,6.0,5040.0,2,DELIVERED
PO1059,2025-04-08,95,Prednisolone Eye Drops,105,65.0,6825.0,1,DELIVERED
PO1059,2025-04-08,68,Ipratropium Inhaler,98,180.0,17640.0,5,DELIVERED
PO1059,2025-04-08,64,Chlorpheniramine 4mg,1400,1.0,1400.0,4,DELIVERED
PO1059,2025-04-08,3,Glimepiride 1mg,1225,3.5,4287.5,1,DELIVERED
PO1059,2025-04-08,37,Paracetamol 650mg,4200,0.8,3360.0,5,DELIVERED
PO1059,2025-04-08,11,Amlodipine 5mg,2695,2.5,6737.5,4,DELIVERED
PO1059,2025-04-08,41,Nimesulide 100mg,1715,3.0,5145.0,2,DELIVERED
PO1059,2025-04-08,63,Levocetirizine 5mg,1176,3.0,3528.0,5,DELIVERED
PO1060,2025-04-15,2,Metformin 850mg,1400,2.0,2800.0,1,DELIVERED
PO1060,2025-04-15,57,Lactulose Syrup,280,85.0,23800.0,5,DELIVERED
PO1060,2025-04-15,67,Theophylline 300mg,1078,5.0,5390.0,5,DELIVERED
PO1060,2025-04-15,36,Paracetamol 500mg,6300,0.5,3150.0,4,DELIVERED
PO1060,2025-04-15,92,Chloramphenicol Ear Drops,210,30.0,6300.0,2,DELIVERED
PO1060,2025-04-15,52,Loperamide 2mg,1260,3.0,3780.0,3,DELIVERED
PO1060,2025-04-15,33,Co-trimoxazole DS,1680,4.0,6720.0,2,DELIVERED
PO1060,2025-04-15,98,Amitriptyline 25mg,924,3.0,2772.0,3,DELIVERED
PO1060,2025-04-15,15,Telmisartan 40mg,2128,6.0,12768.0,4,DELIVERED
PO1060,2025-04-15,43,Aspirin 75mg,2695,1.0,2695.0,4,DELIVERED
PO1060,2025-04-15,58,Zinc Dispersible 20mg,1750,2.0,3500.0,5,DELIVERED
PO1060,2025-04-15,38,Ibuprofen 400mg,2100,2.0,4200.0,5,DELIVERED
PO1060,2025-04-15,53,Dicyclomine 20mg,1568,4.0,6272.0,1,DELIVERED
PO1060,2025-04-15,50,Ondansetron 4mg,1225,8.0,9800.0,2,DELIVERED
PO1061,2025-04-22,92,Chloramphenicol Ear Drops,210,30.0,6300.0,1,DELIVERED
PO1061,2025-04-22,54,Sucralfate 1g,700,6.0,4200.0,5,DELIVERED
PO1061,2025-04-22,61,Montelukast 10mg,1050,8.0,8400.0,4,DELIVERED
PO1061,2025-04-22,79,Zinc Sulfate 20mg,1330,2.0,2660.0,5,DELIVERED
PO1061,2025-04-22,35,Nitrofurantoin 100mg,1078,8.0,8624.0,5,DELIVERED
PO1061,2025-04-22,6,Insulin Glargine,56,450.0,25200.0,2,DELIVERED
PO1061,2025-04-22,56,Esomeprazole 40mg,980,10.0,9800.0,5,DELIVERED
PO1061,2025-04-22,86,Calamine Lotion,350,45.0,15750.0,2,DELIVERED
PO1061,2025-04-22,4,Glimepiride 2mg,1400,4.0,5600.0,5,DELIVERED
PO1061,2025-04-22,13,Enalapril 5mg,1960,4.0,7840.0,4,DELIVERED
PO1061,2025-04-22,41,Nimesulide 100mg,1225,3.0,3675.0,2,DELIVERED
PO1061,2025-04-22,100,Sertraline 50mg,672,10.0,6720.0,3,DELIVERED
PO1062,2025-05-01,84,Permethrin Lotion,336,60.0,20160.0,1,DELIVERED
PO1062,2025-05-01,65,Dextromethorphan Syrup,448,45.0,20160.0,3,DELIVERED
PO1062,2025-05-01,95,Prednisolone Eye Drops,105,65.0,6825.0,4,DELIVERED
PO1062,2025-05-01,54,Sucralfate 1g,560,6.0,3360.0,3,DELIVERED
PO1062,2025-05-01,24,Azithromycin 500mg,1960,25.0,49000.0,2,DELIVERED
PO1062,2025-05-01,73,Vitamin D3 60000IU,735,30.0,22050.0,2,DELIVERED
PO1062,2025-05-01,53,Dicyclomine 20mg,1372,4.0,5488.0,2,DELIVERED
PO1062,2025-05-01,56,Esomeprazole 40mg,1176,10.0,11760.0,1,DELIVERED
PO1062,2025-05-01,12,Amlodipine 10mg,1470,3.5,5145.0,1,DELIVERED
PO1062,2025-05-01,8,Pioglitazone 15mg,560,8.0,4480.0,1,DELIVERED
PO1062,2025-05-01,30,Ofloxacin 200mg,1120,6.0,6720.0,4,DELIVERED
PO1062,2025-05-01,47,Pantoprazole 40mg,2940,5.0,14700.0,3,DELIVERED
PO1062,2025-05-01,52,Loperamide 2mg,1470,3.0,4410.0,1,DELIVERED
PO1062,2025-05-01,48,Ranitidine 150mg,2520,2.0,5040.0,4,DELIVERED
PO1062,2025-05-01,64,Chlorpheniramine 4mg,1120,1.0,1120.0,3,DELIVERED
PO1062,2025-05-01,35,Nitrofurantoin 100mg,1232,8.0,9856.0,1,DELIVERED
PO1063,2025-05-08,11,Amlodipine 5mg,2310,2.5,5775.0,4,DELIVERED
PO1063,2025-05-08,1,Metformin 500mg,2800,1.5,4200.0,4,DELIVERED
PO1063,2025-05-08,7,Sitagliptin 100mg,630,25.0,15750.0,2,DELIVERED
PO1063,2025-05-08,77,Multivitamin,1120,3.0,3360.0,3,DELIVERED
PO1063,2025-05-08,14,Losartan 50mg,1470,5.0,7350.0,2,DELIVERED
PO1063,2025-05-08,56,Esomeprazole 40mg,1176,10.0,11760.0,5,DELIVERED
PO1063,2025-05-08,51,ORS Powder,4480,5.0,22400.0,5,DELIVERED
PO1063,2025-05-08,46,Omeprazole 20mg,3430,3.0,10290.0,2,DELIVERED
PO1063,2025-05-08,86,Calamine Lotion,280,45.0,12600.0,4,DELIVERED
PO1063,2025-05-08,76,Folic Acid 5mg,1750,1.0,1750.0,2,DELIVERED
PO1063,2025-05-08,42,Tramadol 50mg,420,8.0,3360.0,4,DELIVERED
PO1063,2025-05-08,40,Aceclofenac 100mg,1470,5.0,7350.0,3,DELIVERED
PO1063,2025-05-08,44,Mefenamic Acid 500mg,1078,4.0,4312.0,5,DELIVERED
PO1063,2025-05-08,93,Ofloxacin Ear Drops,140,40.0,5600.0,1,DELIVERED
PO1063,2025-05-08,32,Norfloxacin 400mg,1470,5.0,7350.0,1,DELIVERED
PO1063,2025-05-08,5,Insulin Human 40IU,112,85.0,9520.0,4,DELIVERED
PO1063,2025-05-08,13,Enalapril 5mg,980,4.0,3920.0,1,DELIVERED
PO1063,2025-05-08,61,Montelukast 10mg,1470,8.0,11760.0,1,DELIVERED
PO1063,2025-05-08,67,Theophylline 300mg,770,5.0,3850.0,3,DELIVERED
PO1064,2025-05-15,82,Clotrimazole Cream,420,35.0,14700.0,2,DELIVERED
PO1064,2025-05-15,19,Hydrochlorothiazide 25mg,1680,2.0,3360.0,5,DELIVERED
PO1064,2025-05-15,46,Omeprazole 20mg,2940,3.0,8820.0,4,DELIVERED
PO1064,2025-05-15,5,Insulin Human 40IU,84,85.0,7140.0,2,DELIVERED
PO1064,2025-05-15,3,Glimepiride 1mg,1715,3.5,6002.5,3,DELIVERED
PO1064,2025-05-15,53,Dicyclomine 20mg,784,4.0,3136.0,3,DELIVERED
PO1064,2025-05-15,35,Nitrofurantoin 100mg,770,8.0,6160.0,3,DELIVERED
PO1064,2025-05-15,23,Amoxicillin 500mg,3185,4.0,12740.0,4,DELIVERED
PO1064,2025-05-15,59,Salbutamol Inhaler,126,120.0,15120.0,1,DELIVERED
PO1064,2025-05-15,54,Sucralfate 1g,560,6.0,3360.0,4,DELIVERED
PO1065,2025-05-22,21,Spironolactone 25mg,735,8.0,5880.0,3,DELIVERED
PO1065,2025-05-22,66,Ambroxol Syrup,420,50.0,21000.0,5,DELIVERED
PO1065,2025-05-22,48,Ranitidine 150mg,2520,2.0,5040.0,4,DELIVERED
PO1065,2025-05-22,90,Tobramycin Eye Drops,210,45.0,9450.0,5,DELIVERED
PO1065,2025-05-22,74,Calcium + D3,1925,4.0,7700.0,1,DELIVERED
PO1065,2025-05-22,46,Omeprazole 20mg,2940,3.0,8820.0,1,DELIVERED
PO1065,2025-05-22,25,Ciprofloxacin 500mg,1890,8.0,15120.0,3,DELIVERED
PO1065,2025-05-22,92,Chloramphenicol Ear Drops,175,30.0,5250.0,5,DELIVERED
PO1065,2025-05-22,71,Vitamin B Complex,2275,1.5,3412.5,2,DELIVERED
PO1065,2025-05-22,69,Fluticasone Nasal Spray,84,150.0,12600.0,1,DELIVERED
PO1066,2025-06-01,36,Paracetamol 500mg,5250,0.5,2625.0,2,DELIVERED
PO1066,2025-06-01,94,Timolol Eye Drops,140,55.0,7700.0,5,DELIVERED
PO1066,2025-06-01,30,Ofloxacin 200mg,1344,6.0,8064.0,3,DELIVERED
PO1066,2025-06-01,3,Glimepiride 1mg,1715,3.5,6002.5,5,DELIVERED
PO1066,2025-06-01,85,Mupirocin Ointment,392,75.0,29400.0,4,DELIVERED
PO1066,2025-06-01,32,Norfloxacin 400mg,1260,5.0,6300.0,1,DELIVERED
PO1066,2025-06-01,81,Fluconazole 150mg,504,15.0,7560.0,4,DELIVERED
PO1066,2025-06-01,18,Ramipril 5mg,1372,7.0,9604.0,2,DELIVERED
PO1066,2025-06-01,78,Vitamin E 400IU,924,5.0,4620.0,4,DELIVERED
PO1066,2025-06-01,64,Chlorpheniramine 4mg,1680,1.0,1680.0,5,DELIVERED
PO1066,2025-06-01,59,Salbutamol Inhaler,147,120.0,17640.0,2,DELIVERED
PO1066,2025-06-01,91,Artificial Tears,448,50.0,22400.0,2,DELIVERED
PO1066,2025-06-01,38,Ibuprofen 400mg,2520,2.0,5040.0,1,DELIVERED
PO1066,2025-06-01,83,Betamethasone Cream,672,40.0,26880.0,1,DELIVERED
PO1066,2025-06-01,100,Sertraline 50mg,784,10.0,7840.0,4,DELIVERED
PO1066,2025-06-01,37,Paracetamol 650mg,2800,0.8,2240.0,1,DELIVERED
PO1067,2025-06-08,77,Multivitamin,2240,3.0,6720.0,2,DELIVERED
PO1067,2025-06-08,74,Calcium + D3,1540,4.0,6160.0,4,DELIVERED
PO1067,2025-06-08,57,Lactulose Syrup,210,85.0,17850.0,2,DELIVERED
PO1067,2025-06-08,72,Vitamin C 500mg,1400,2.0,2800.0,2,DELIVERED
PO1067,2025-06-08,38,Ibuprofen 400mg,3360,2.0,6720.0,2,DELIVERED
PO1067,2025-06-08,23,Amoxicillin 500mg,3185,4.0,12740.0,3,DELIVERED
PO1067,2025-06-08,79,Zinc Sulfate 20mg,2128,2.0,4256.0,3,DELIVERED
PO1067,2025-06-08,66,Ambroxol Syrup,560,50.0,28000.0,4,DELIVERED
PO1067,2025-06-08,22,Cilnidipine 10mg,616,12.0,7392.0,2,DELIVERED
PO1067,2025-06-08,75,Iron + Folic Acid,3150,2.0,6300.0,5,DELIVERED
PO1068,2025-06-15,10,Gliclazide 80mg,980,5.0,4900.0,2,DELIVERED
PO1068,2025-06-15,1,Metformin 500mg,3360,1.5,5040.0,2,DELIVERED
PO1068,2025-06-15,44,Mefenamic Acid 500mg,924,4.0,3696.0,3,DELIVERED
PO1068,2025-06-15,83,Betamethasone Cream,336,40.0,13440.0,4,DELIVERED
PO1068,2025-06-15,47,Pantoprazole 40mg,1680,5.0,8400.0,5,DELIVERED
PO1068,2025-06-15,61,Montelukast 10mg,840,8.0,6720.0,4,DELIVERED
PO1068,2025-06-15,73,Vitamin D3 60000IU,525,30.0,15750.0,1,DELIVERED
PO1068,2025-06-15,74,Calcium + D3,1925,4.0,7700.0,5,DELIVERED
PO1068,2025-06-15,12,Amlodipine 10mg,1260,3.5,4410.0,5,DELIVERED
PO1068,2025-06-15,99,Clonazepam 0.5mg,504,6.0,3024.0,2,DELIVERED
PO1068,2025-06-15,68,Ipratropium Inhaler,84,180.0,15120.0,4,DELIVERED
PO1068,2025-06-15,96,Alprazolam 0.5mg,840,5.0,4200.0,3,DELIVERED
PO1068,2025-06-15,34,Clindamycin 300mg,630,22.0,13860.0,5,DELIVERED
PO1068,2025-06-15,30,Ofloxacin 200mg,896,6.0,5376.0,4,DELIVERED
PO1068,2025-06-15,87,Silver Sulfadiazine,175,55.0,9625.0,1,DELIVERED
PO1068,2025-06-15,45,Etoricoxib 90mg,630,15.0,9450.0,5,DELIVERED
PO1068,2025-06-15,49,Domperidone 10mg,1400,2.5,3500.0,1,DELIVERED
PO1068,2025-06-15,15,Telmisartan 40mg,1064,6.0,6384.0,1,DELIVERED
PO1068,2025-06-15,84,Permethrin Lotion,210,60.0,12600.0,4,DELIVERED
PO1069,2025-06-22,82,Clotrimazole Cream,350,35.0,12250.0,4,DELIVERED
PO1069,2025-06-22,20,Furosemide 40mg,1225,3.5,4287.5,1,DELIVERED
PO1069,2025-06-22,13,Enalapril 5mg,1715,4.0,6860.0,1,DELIVERED
PO1069,2025-06-22,85,Mupirocin Ointment,336,75.0,25200.0,1,DELIVERED
PO1069,2025-06-22,66,Ambroxol Syrup,490,50.0,24500.0,1,DELIVERED
PO1069,2025-06-22,11,Amlodipine 5mg,3080,2.5,7700.0,3,DELIVERED
PO1069,2025-06-22,41,Nimesulide 100mg,980,3.0,2940.0,4,DELIVERED
PO1069,2025-06-22,33,Co-trimoxazole DS,1400,4.0,5600.0,4,DELIVERED
PO1069,2025-06-22,34,Clindamycin 300mg,525,22.0,11550.0,2,DELIVERED
PO1069,2025-06-22,99,Clonazepam 0.5mg,588,6.0,3528.0,4,DELIVERED
PO1069,2025-06-22,64,Chlorpheniramine 4mg,1400,1.0,1400.0,3,DELIVERED
PO1069,2025-06-22,71,Vitamin B Complex,2275,1.5,3412.5,2,DELIVERED
PO1069,2025-06-22,65,Dextromethorphan Syrup,392,45.0,17640.0,3,DELIVERED
PO1069,2025-06-22,75,Iron + Folic Acid,3675,2.0,7350.0,2,DELIVERED
PO1070,2025-07-01,99,Clonazepam 0.5mg,672,6.0,4032.0,5,DELIVERED
PO1070,2025-07-01,64,Chlorpheniramine 4mg,1400,1.0,1400.0,4,DELIVERED
PO1070,2025-07-01,78,Vitamin E 400IU,1232,5.0,6160.0,5,DELIVERED
PO1070,2025-07-01,68,Ipratropium Inhaler,98,180.0,17640.0,4,DELIVERED
PO1070,2025-07-01,7,Sitagliptin 100mg,630,25.0,15750.0,2,DELIVERED
PO1070,2025-07-01,33,Co-trimoxazole DS,1400,4.0,5600.0,5,DELIVERED
PO1070,2025-07-01,95,Prednisolone Eye Drops,168,65.0,10920.0,5,DELIVERED
PO1070,2025-07-01,63,Levocetirizine 5mg,2058,3.0,6174.0,2,DELIVERED
PO1070,2025-07-01,6,Insulin Glargine,49,450.0,22050.0,5,DELIVERED
PO1070,2025-07-01,62,Cetirizine 10mg,1400,2.0,2800.0,5,DELIVERED
PO1071,2025-07-08,47,Pantoprazole 40mg,2100,5.0,10500.0,4,DELIVERED
PO1071,2025-07-08,36,Paracetamol 500mg,5250,0.5,2625.0,5,DELIVERED
PO1071,2025-07-08,35,Nitrofurantoin 100mg,616,8.0,4928.0,1,DELIVERED
PO1071,2025-07-08,14,Losartan 50mg,2058,5.0,10290.0,3,DELIVERED
PO1071,2025-07-08,87,Silver Sulfadiazine,140,55.0,7700.0,3,DELIVERED
PO1071,2025-07-08,76,Folic Acid 5mg,2800,1.0,2800.0,5,DELIVERED
PO1071,2025-07-08,70,Bromhexine 8mg,1470,3.0,4410.0,2,DELIVERED
PO1071,2025-07-08,29,Levofloxacin 500mg,1372,18.0,24696.0,3,DELIVERED
PO1071,2025-07-08,65,Dextromethorphan Syrup,392,45.0,17640.0,5,DELIVERED
PO1071,2025-07-08,58,Zinc Dispersible 20mg,2450,2.0,4900.0,1,DELIVERED
PO1071,2025-07-08,92,Chloramphenicol Ear Drops,210,30.0,6300.0,3,DELIVERED
PO1071,2025-07-08,73,Vitamin D3 60000IU,525,30.0,15750.0,2,DELIVERED
PO1071,2025-07-08,20,Furosemide 40mg,875,3.5,3062.5,1,DELIVERED
PO1071,2025-07-08,68,Ipratropium Inhaler,98,180.0,17640.0,5,DELIVERED
PO1072,2025-07-15,10,Gliclazide 80mg,1372,5.0,6860.0,4,DELIVERED
PO1072,2025-07-15,86,Calamine Lotion,420,45.0,18900.0,1,DELIVERED
PO1072,2025-07-15,28,Metronidazole 400mg,1750,3.0,5250.0,1,DELIVERED
PO1072,2025-07-15,83,Betamethasone Cream,336,40.0,13440.0,1,DELIVERED
PO1072,2025-07-15,39,Diclofenac 50mg,1260,2.5,3150.0,2,DELIVERED
PO1072,2025-07-15,64,Chlorpheniramine 4mg,1960,1.0,1960.0,5,DELIVERED
PO1072,2025-07-15,43,Aspirin 75mg,2695,1.0,2695.0,3,DELIVERED
PO1072,2025-07-15,50,Ondansetron 4mg,1400,8.0,11200.0,5,DELIVERED
PO1072,2025-07-15,9,Vildagliptin 50mg,504,18.0,9072.0,5,DELIVERED
PO1072,2025-07-15,79,Zinc Sulfate 20mg,1862,2.0,3724.0,1,DELIVERED
PO1072,2025-07-15,55,Rabeprazole 20mg,896,7.0,6272.0,3,DELIVERED
PO1072,2025-07-15,96,Alprazolam 0.5mg,420,5.0,2100.0,2,DELIVERED
PO1072,2025-07-15,13,Enalapril 5mg,1470,4.0,5880.0,2,DELIVERED
PO1073,2025-07-22,84,Permethrin Lotion,336,60.0,20160.0,2,DELIVERED
PO1073,2025-07-22,7,Sitagliptin 100mg,735,25.0,18375.0,3,DELIVERED
PO1073,2025-07-22,54,Sucralfate 1g,980,6.0,5880.0,2,DELIVERED
PO1073,2025-07-22,25,Ciprofloxacin 500mg,1575,8.0,12600.0,4,DELIVERED
PO1073,2025-07-22,13,Enalapril 5mg,1960,4.0,7840.0,5,DELIVERED
PO1073,2025-07-22,79,Zinc Sulfate 20mg,1862,2.0,3724.0,3,DELIVERED
PO1073,2025-07-22,90,Tobramycin Eye Drops,175,45.0,7875.0,1,DELIVERED
PO1073,2025-07-22,1,Metformin 500mg,2240,1.5,3360.0,3,DELIVERED
PO1073,2025-07-22,43,Aspirin 75mg,1925,1.0,1925.0,3,DELIVERED
PO1073,2025-07-22,28,Metronidazole 400mg,1750,3.0,5250.0,5,DELIVERED
PO1073,2025-07-22,64,Chlorpheniramine 4mg,1960,1.0,1960.0,2,DELIVERED
PO1073,2025-07-22,50,Ondansetron 4mg,700,8.0,5600.0,4,DELIVERED
PO1073,2025-07-22,77,Multivitamin,1680,3.0,5040.0,4,DELIVERED
PO1073,2025-07-22,27,Doxycycline 100mg,2128,5.0,10640.0,2,DELIVERED
PO1073,2025-07-22,22,Cilnidipine 10mg,616,12.0,7392.0,3,DELIVERED
PO1073,2025-07-22,94,Timolol Eye Drops,168,55.0,9240.0,3,DELIVERED
PO1073,2025-07-22,72,Vitamin C 500mg,2800,2.0,5600.0,3,DELIVERED
PO1073,2025-07-22,60,Budesonide Inhaler,56,250.0,14000.0,5,DELIVERED
PO1074,2025-08-01,49,Domperidone 10mg,1960,2.5,4900.0,4,DELIVERED
PO1074,2025-08-01,85,Mupirocin Ointment,224,75.0,16800.0,3,DELIVERED
PO1074,2025-08-01,35,Nitrofurantoin 100mg,1078,8.0,8624.0,2,DELIVERED
PO1074,2025-08-01,41,Nimesulide 100mg,1715,3.0,5145.0,5,DELIVERED
PO1074,2025-08-01,87,Silver Sulfadiazine,210,55.0,11550.0,1,DELIVERED
PO1074,2025-08-01,74,Calcium + D3,2695,4.0,10780.0,1,DELIVERED
PO1074,2025-08-01,98,Amitriptyline 25mg,924,3.0,2772.0,1,DELIVERED
PO1074,2025-08-01,84,Permethrin Lotion,336,60.0,20160.0,2,DELIVERED
PO1074,2025-08-01,50,Ondansetron 4mg,1050,8.0,8400.0,1,DELIVERED
PO1074,2025-08-01,23,Amoxicillin 500mg,1820,4.0,7280.0,1,DELIVERED
PO1074,2025-08-01,82,Clotrimazole Cream,350,35.0,12250.0,1,DELIVERED
PO1074,2025-08-01,34,Clindamycin 300mg,840,22.0,18480.0,4,DELIVERED
PO1074,2025-08-01,86,Calamine Lotion,490,45.0,22050.0,2,DELIVERED
PO1074,2025-08-01,26,Cefixime 200mg,840,15.0,12600.0,4,DELIVERED
PO1074,2025-08-01,71,Vitamin B Complex,2730,1.5,4095.0,5,DELIVERED
PO1074,2025-08-01,36,Paracetamol 500mg,4200,0.5,2100.0,3,DELIVERED
PO1074,2025-08-01,1,Metformin 500mg,3360,1.5,5040.0,3,DELIVERED
PO1074,2025-08-01,92,Chloramphenicol Ear Drops,245,30.0,7350.0,4,DELIVERED
PO1074,2025-08-01,19,Hydrochlorothiazide 25mg,1120,2.0,2240.0,5,DELIVERED
PO1075,2025-08-08,52,Loperamide 2mg,840,3.0,2520.0,2,DELIVERED
PO1075,2025-08-08,94,Timolol Eye Drops,196,55.0,10780.0,3,DELIVERED
PO1075,2025-08-08,59,Salbutamol Inhaler,126,120.0,15120.0,4,DELIVERED
PO1075,2025-08-08,88,Ketoconazole Shampoo,196,120.0,23520.0,3,DELIVERED
PO1075,2025-08-08,49,Domperidone 10mg,1960,2.5,4900.0,3,DELIVERED
PO1075,2025-08-08,2,Metformin 850mg,1960,2.0,3920.0,4,DELIVERED
PO1075,2025-08-08,12,Amlodipine 10mg,1260,3.5,4410.0,4,DELIVERED
PO1075,2025-08-08,93,Ofloxacin Ear Drops,175,40.0,7000.0,2,DELIVERED
PO1075,2025-08-08,43,Aspirin 75mg,3080,1.0,3080.0,4,DELIVERED
PO1075,2025-08-08,7,Sitagliptin 100mg,735,25.0,18375.0,3,DELIVERED
PO1075,2025-08-08,92,Chloramphenicol Ear Drops,140,30.0,4200.0,1,DELIVERED
PO1075,2025-08-08,35,Nitrofurantoin 100mg,924,8.0,7392.0,1,DELIVERED
PO1075,2025-08-08,31,Cephalexin 500mg,1225,10.0,12250.0,5,DELIVERED
PO1075,2025-08-08,1,Metformin 500mg,3360,1.5,5040.0,5,DELIVERED
PO1075,2025-08-08,99,Clonazepam 0.5mg,336,6.0,2016.0,2,DELIVERED
PO1075,2025-08-08,11,Amlodipine 5mg,1925,2.5,4812.5,2,DELIVERED
PO1076,2025-08-15,79,Zinc Sulfate 20mg,1064,2.0,2128.0,4,DELIVERED
PO1076,2025-08-15,39,Diclofenac 50mg,1260,2.5,3150.0,4,DELIVERED
PO1076,2025-08-15,55,Rabeprazole 20mg,1344,7.0,9408.0,2,DELIVERED
PO1076,2025-08-15,98,Amitriptyline 25mg,1078,3.0,3234.0,2,DELIVERED
PO1076,2025-08-15,90,Tobramycin Eye Drops,140,45.0,6300.0,3,DELIVERED
PO1076,2025-08-15,24,Azithromycin 500mg,1225,25.0,30625.0,3,DELIVERED
PO1076,2025-08-15,16,Atenolol 50mg,1680,3.0,5040.0,5,DELIVERED
PO1076,2025-08-15,40,Aceclofenac 100mg,1680,5.0,8400.0,1,DELIVERED
PO1076,2025-08-15,63,Levocetirizine 5mg,2058,3.0,6174.0,5,DELIVERED
PO1076,2025-08-15,82,Clotrimazole Cream,280,35.0,9800.0,4,DELIVERED
PO1077,2025-08-22,75,Iron + Folic Acid,2100,2.0,4200.0,4,DELIVERED
PO1077,2025-08-22,26,Cefixime 200mg,1680,15.0,25200.0,1,DELIVERED
PO1077,2025-08-22,8,Pioglitazone 15mg,700,8.0,5600.0,4,DELIVERED
PO1077,2025-08-22,74,Calcium + D3,2695,4.0,10780.0,1,DELIVERED
PO1077,2025-08-22,84,Permethrin Lotion,252,60.0,15120.0,5,DELIVERED
PO1077,2025-08-22,49,Domperidone 10mg,1120,2.5,2800.0,3,DELIVERED
PO1077,2025-08-22,15,Telmisartan 40mg,1064,6.0,6384.0,1,DELIVERED
PO1077,2025-08-22,46,Omeprazole 20mg,3430,3.0,10290.0,5,DELIVERED
PO1077,2025-08-22,62,Cetirizine 10mg,2450,2.0,4900.0,4,DELIVERED
PO1077,2025-08-22,7,Sitagliptin 100mg,840,25.0,21000.0,4,DELIVERED
PO1077,2025-08-22,56,Esomeprazole 40mg,980,10.0,9800.0,1,DELIVERED
PO1077,2025-08-22,51,ORS Powder,4480,5.0,22400.0,5,DELIVERED
PO1078,2025-09-01,53,Dicyclomine 20mg,980,4.0,3920.0,2,DELIVERED
PO1078,2025-09-01,57,Lactulose Syrup,280,85.0,23800.0,5,DELIVERED
PO1078,2025-09-01,5,Insulin Human 40IU,70,85.0,5950.0,1,DELIVERED
PO1078,2025-09-01,73,Vitamin D3 60000IU,840,30.0,25200.0,4,DELIVERED
PO1078,2025-09-01,80,B12 Methylcobalamin,1568,8.0,12544.0,5,DELIVERED
PO1078,2025-09-01,50,Ondansetron 4mg,1050,8.0,8400.0,4,DELIVERED
PO1078,2025-09-01,87,Silver Sulfadiazine,245,55.0,13475.0,5,DELIVERED
PO1078,2025-09-01,7,Sitagliptin 100mg,840,25.0,21000.0,5,DELIVERED
PO1078,2025-09-01,71,Vitamin B Complex,3640,1.5,5460.0,2,DELIVERED
PO1078,2025-09-01,60,Budesonide Inhaler,84,250.0,21000.0,2,DELIVERED
PO1078,2025-09-01,35,Nitrofurantoin 100mg,1078,8.0,8624.0,3,DELIVERED
PO1078,2025-09-01,79,Zinc Sulfate 20mg,2128,2.0,4256.0,4,DELIVERED
PO1078,2025-09-01,54,Sucralfate 1g,1120,6.0,6720.0,4,DELIVERED
PO1078,2025-09-01,9,Vildagliptin 50mg,672,18.0,12096.0,4,DELIVERED
PO1079,2025-09-08,58,Zinc Dispersible 20mg,1400,2.0,2800.0,3,DELIVERED
PO1079,2025-09-08,33,Co-trimoxazole DS,1680,4.0,6720.0,4,DELIVERED
PO1079,2025-09-08,65,Dextromethorphan Syrup,336,45.0,15120.0,5,DELIVERED
PO1079,2025-09-08,24,Azithromycin 500mg,1470,25.0,36750.0,1,DELIVERED
PO1079,2025-09-08,90,Tobramycin Eye Drops,140,45.0,6300.0,2,DELIVERED
PO1079,2025-09-08,30,Ofloxacin 200mg,1120,6.0,6720.0,4,DELIVERED
PO1079,2025-09-08,2,Metformin 850mg,1960,2.0,3920.0,2,DELIVERED
PO1079,2025-09-08,100,Sertraline 50mg,448,10.0,4480.0,1,DELIVERED
PO1079,2025-09-08,5,Insulin Human 40IU,84,85.0,7140.0,4,DELIVERED
PO1079,2025-09-08,73,Vitamin D3 60000IU,735,30.0,22050.0,5,DELIVERED
PO1079,2025-09-08,92,Chloramphenicol Ear Drops,140,30.0,4200.0,3,DELIVERED
PO1079,2025-09-08,57,Lactulose Syrup,140,85.0,11900.0,5,DELIVERED
PO1080,2025-09-15,69,Fluticasone Nasal Spray,147,150.0,22050.0,3,DELIVERED
PO1080,2025-09-15,24,Azithromycin 500mg,980,25.0,24500.0,5,DELIVERED
PO1080,2025-09-15,38,Ibuprofen 400mg,2520,2.0,5040.0,2,DELIVERED
PO1080,2025-09-15,97,Escitalopram 10mg,630,8.0,5040.0,1,DELIVERED
PO1080,2025-09-15,52,Loperamide 2mg,1260,3.0,3780.0,5,DELIVERED
PO1080,2025-09-15,40,Aceclofenac 100mg,1470,5.0,7350.0,2,DELIVERED
PO1080,2025-09-15,78,Vitamin E 400IU,1078,5.0,5390.0,5,DELIVERED
PO1080,2025-09-15,83,Betamethasone Cream,336,40.0,13440.0,2,DELIVERED
PO1080,2025-09-15,16,Atenolol 50mg,1344,3.0,4032.0,5,DELIVERED
PO1080,2025-09-15,31,Cephalexin 500mg,700,10.0,7000.0,3,DELIVERED
PO1080,2025-09-15,58,Zinc Dispersible 20mg,1400,2.0,2800.0,5,DELIVERED
PO1080,2025-09-15,11,Amlodipine 5mg,1540,2.5,3850.0,2,DELIVERED
PO1081,2025-09-22,75,Iron + Folic Acid,4200,2.0,8400.0,1,DELIVERED
PO1081,2025-09-22,3,Glimepiride 1mg,1470,3.5,5145.0,1,DELIVERED
PO1081,2025-09-22,4,Glimepiride 2mg,1400,4.0,5600.0,2,DELIVERED
PO1081,2025-09-22,36,Paracetamol 500mg,8400,0.5,4200.0,3,DELIVERED
PO1081,2025-09-22,57,Lactulose Syrup,175,85.0,14875.0,4,DELIVERED
PO1081,2025-09-22,77,Multivitamin,2240,3.0,6720.0,5,DELIVERED
PO1081,2025-09-22,7,Sitagliptin 100mg,420,25.0,10500.0,1,DELIVERED
PO1081,2025-09-22,39,Diclofenac 50mg,2520,2.5,6300.0,2,DELIVERED
PO1081,2025-09-22,56,Esomeprazole 40mg,1372,10.0,13720.0,5,DELIVERED
PO1081,2025-09-22,94,Timolol Eye Drops,224,55.0,12320.0,1,DELIVERED
PO1081,2025-09-22,40,Aceclofenac 100mg,840,5.0,4200.0,5,DELIVERED
PO1081,2025-09-22,37,Paracetamol 650mg,5600,0.8,4480.0,4,DELIVERED
PO1081,2025-09-22,34,Clindamycin 300mg,420,22.0,9240.0,4,DELIVERED
PO1081,2025-09-22,8,Pioglitazone 15mg,1120,8.0,8960.0,1,DELIVERED
PO1081,2025-09-22,99,Clonazepam 0.5mg,504,6.0,3024.0,3,DELIVERED
PO1081,2025-09-22,45,Etoricoxib 90mg,504,15.0,7560.0,4,DELIVERED
PO1082,2025-10-01,55,Rabeprazole 20mg,1792,7.0,12544.0,3,DELIVERED
PO1082,2025-10-01,93,Ofloxacin Ear Drops,280,40.0,11200.0,2,DELIVERED
PO1082,2025-10-01,50,Ondansetron 4mg,1050,8.0,8400.0,1,DELIVERED
PO1082,2025-10-01,13,Enalapril 5mg,1470,4.0,5880.0,5,DELIVERED
PO1082,2025-10-01,14,Losartan 50mg,2058,5.0,10290.0,4,DELIVERED
PO1082,2025-10-01,62,Cetirizine 10mg,2800,2.0,5600.0,3,DELIVERED
PO1082,2025-10-01,98,Amitriptyline 25mg,1078,3.0,3234.0,2,DELIVERED
PO1082,2025-10-01,60,Budesonide Inhaler,84,250.0,21000.0,1,DELIVERED
PO1082,2025-10-01,88,Ketoconazole Shampoo,112,120.0,13440.0,2,DELIVERED
PO1082,2025-10-01,20,Furosemide 40mg,700,3.5,2450.0,2,DELIVERED
PO1082,2025-10-01,78,Vitamin E 400IU,616,5.0,3080.0,3,DELIVERED
PO1082,2025-10-01,36,Paracetamol 500mg,4200,0.5,2100.0,5,DELIVERED
PO1082,2025-10-01,21,Spironolactone 25mg,735,8.0,5880.0,1,DELIVERED
PO1082,2025-10-01,1,Metformin 500mg,3920,1.5,5880.0,3,DELIVERED
PO1082,2025-10-01,53,Dicyclomine 20mg,1568,4.0,6272.0,5,DELIVERED
PO1082,2025-10-01,61,Montelukast 10mg,1680,8.0,13440.0,4,DELIVERED
PO1082,2025-10-01,7,Sitagliptin 100mg,525,25.0,13125.0,2,DELIVERED
PO1082,2025-10-01,72,Vitamin C 500mg,2100,2.0,4200.0,5,DELIVERED
PO1082,2025-10-01,4,Glimepiride 2mg,1050,4.0,4200.0,4,DELIVERED
PO1082,2025-10-01,44,Mefenamic Acid 500mg,1078,4.0,4312.0,3,DELIVERED
PO1083,2025-10-08,13,Enalapril 5mg,1225,4.0,4900.0,2,DELIVERED
PO1083,2025-10-08,79,Zinc Sulfate 20mg,1862,2.0,3724.0,4,DELIVERED
PO1083,2025-10-08,35,Nitrofurantoin 100mg,1078,8.0,8624.0,1,DELIVERED
PO1083,2025-10-08,76,Folic Acid 5mg,2800,1.0,2800.0,3,DELIVERED
PO1083,2025-10-08,45,Etoricoxib 90mg,1008,15.0,15120.0,3,DELIVERED
PO1083,2025-10-08,65,Dextromethorphan Syrup,280,45.0,12600.0,4,DELIVERED
PO1083,2025-10-08,28,Metronidazole 400mg,2800,3.0,8400.0,2,DELIVERED
PO1083,2025-10-08,24,Azithromycin 500mg,1225,25.0,30625.0,5,DELIVERED
PO1083,2025-10-08,47,Pantoprazole 40mg,2520,5.0,12600.0,3,DELIVERED
PO1083,2025-10-08,10,Gliclazide 80mg,1176,5.0,5880.0,2,DELIVERED
PO1083,2025-10-08,77,Multivitamin,1680,3.0,5040.0,3,DELIVERED
PO1083,2025-10-08,74,Calcium + D3,3080,4.0,12320.0,2,DELIVERED
PO1083,2025-10-08,5,Insulin Human 40IU,56,85.0,4760.0,2,DELIVERED
PO1083,2025-10-08,11,Amlodipine 5mg,3080,2.5,7700.0,1,DELIVERED
PO1083,2025-10-08,2,Metformin 850mg,1120,2.0,2240.0,1,DELIVERED
PO1083,2025-10-08,18,Ramipril 5mg,1176,7.0,8232.0,3,DELIVERED
PO1083,2025-10-08,52,Loperamide 2mg,1470,3.0,4410.0,4,DELIVERED
PO1083,2025-10-08,30,Ofloxacin 200mg,1792,6.0,10752.0,3,DELIVERED
PO1083,2025-10-08,34,Clindamycin 300mg,420,22.0,9240.0,3,DELIVERED
PO1083,2025-10-08,80,B12 Methylcobalamin,784,8.0,6272.0,2,DELIVERED
PO1084,2025-10-15,70,Bromhexine 8mg,1225,3.0,3675.0,2,DELIVERED
PO1084,2025-10-15,98,Amitriptyline 25mg,924,3.0,2772.0,2,DELIVERED
PO1084,2025-10-15,47,Pantoprazole 40mg,2520,5.0,12600.0,2,DELIVERED
PO1084,2025-10-15,48,Ranitidine 150mg,1260,2.0,2520.0,2,DELIVERED
PO1084,2025-10-15,32,Norfloxacin 400mg,1680,5.0,8400.0,3,DELIVERED
PO1084,2025-10-15,21,Spironolactone 25mg,735,8.0,5880.0,5,DELIVERED
PO1084,2025-10-15,27,Doxycycline 100mg,1862,5.0,9310.0,3,DELIVERED
PO1084,2025-10-15,61,Montelukast 10mg,1470,8.0,11760.0,2,DELIVERED
PO1084,2025-10-15,2,Metformin 850mg,2240,2.0,4480.0,1,DELIVERED
PO1084,2025-10-15,65,Dextromethorphan Syrup,392,45.0,17640.0,2,DELIVERED
PO1084,2025-10-15,28,Metronidazole 400mg,1750,3.0,5250.0,3,DELIVERED
PO1084,2025-10-15,79,Zinc Sulfate 20mg,1064,2.0,2128.0,1,DELIVERED
PO1084,2025-10-15,64,Chlorpheniramine 4mg,1960,1.0,1960.0,3,DELIVERED
PO1084,2025-10-15,16,Atenolol 50mg,2016,3.0,6048.0,3,DELIVERED
PO1084,2025-10-15,60,Budesonide Inhaler,112,250.0,28000.0,1,DELIVERED
PO1084,2025-10-15,41,Nimesulide 100mg,1470,3.0,4410.0,5,DELIVERED
PO1084,2025-10-15,22,Cilnidipine 10mg,770,12.0,9240.0,5,DELIVERED
PO1084,2025-10-15,20,Furosemide 40mg,1050,3.5,3675.0,1,DELIVERED
PO1084,2025-10-15,88,Ketoconazole Shampoo,196,120.0,23520.0,5,DELIVERED
PO1085,2025-10-22,67,Theophylline 300mg,616,5.0,3080.0,4,DELIVERED
PO1085,2025-10-22,49,Domperidone 10mg,1400,2.5,3500.0,3,DELIVERED
PO1085,2025-10-22,24,Azithromycin 500mg,1960,25.0,49000.0,4,DELIVERED
PO1085,2025-10-22,47,Pantoprazole 40mg,2100,5.0,10500.0,4,DELIVERED
PO1085,2025-10-22,95,Prednisolone Eye Drops,84,65.0,5460.0,5,DELIVERED
PO1085,2025-10-22,45,Etoricoxib 90mg,504,15.0,7560.0,3,DELIVERED
PO1085,2025-10-22,57,Lactulose Syrup,210,85.0,17850.0,5,DELIVERED
PO1085,2025-10-22,96,Alprazolam 0.5mg,525,5.0,2625.0,2,DELIVERED
PO1085,2025-10-22,74,Calcium + D3,2695,4.0,10780.0,2,DELIVERED
PO1085,2025-10-22,25,Ciprofloxacin 500mg,1575,8.0,12600.0,1,DELIVERED
PO1085,2025-10-22,94,Timolol Eye Drops,196,55.0,10780.0,4,DELIVERED
PO1085,2025-10-22,58,Zinc Dispersible 20mg,2100,2.0,4200.0,1,DELIVERED
PO1086,2025-11-01,11,Amlodipine 5mg,1540,2.5,3850.0,3,DELIVERED
PO1086,2025-11-01,48,Ranitidine 150mg,2205,2.0,4410.0,4,DELIVERED
PO1086,2025-11-01,26,Cefixime 200mg,1260,15.0,18900.0,4,DELIVERED
PO1086,2025-11-01,18,Ramipril 5mg,1568,7.0,10976.0,5,DELIVERED
PO1086,2025-11-01,82,Clotrimazole Cream,490,35.0,17150.0,2,DELIVERED
PO1086,2025-11-01,58,Zinc Dispersible 20mg,2450,2.0,4900.0,1,DELIVERED
PO1086,2025-11-01,96,Alprazolam 0.5mg,525,5.0,2625.0,4,DELIVERED
PO1086,2025-11-01,4,Glimepiride 2mg,1400,4.0,5600.0,5,DELIVERED
PO1086,2025-11-01,100,Sertraline 50mg,896,10.0,8960.0,4,DELIVERED
PO1086,2025-11-01,28,Metronidazole 400mg,1400,3.0,4200.0,5,DELIVERED
PO1086,2025-11-01,39,Diclofenac 50mg,1260,2.5,3150.0,3,DELIVERED
PO1087,2025-11-08,65,Dextromethorphan Syrup,448,45.0,20160.0,4,DELIVERED
PO1087,2025-11-08,24,Azithromycin 500mg,1470,25.0,36750.0,4,DELIVERED
PO1087,2025-11-08,70,Bromhexine 8mg,1470,3.0,4410.0,2,DELIVERED
PO1087,2025-11-08,75,Iron + Folic Acid,3675,2.0,7350.0,4,DELIVERED
PO1087,2025-11-08,71,Vitamin B Complex,2730,1.5,4095.0,3,DELIVERED
PO1087,2025-11-08,95,Prednisolone Eye Drops,126,65.0,8190.0,1,DELIVERED
PO1087,2025-11-08,10,Gliclazide 80mg,980,5.0,4900.0,3,DELIVERED
PO1087,2025-11-08,23,Amoxicillin 500mg,3185,4.0,12740.0,2,DELIVERED
PO1087,2025-11-08,91,Artificial Tears,280,50.0,14000.0,2,DELIVERED
PO1087,2025-11-08,20,Furosemide 40mg,700,3.5,2450.0,5,DELIVERED
PO1087,2025-11-08,84,Permethrin Lotion,210,60.0,12600.0,3,DELIVERED
PO1087,2025-11-08,100,Sertraline 50mg,784,10.0,7840.0,3,DELIVERED
PO1087,2025-11-08,29,Levofloxacin 500mg,1176,18.0,21168.0,2,DELIVERED
PO1088,2025-11-15,73,Vitamin D3 60000IU,840,30.0,25200.0,3,DELIVERED
PO1088,2025-11-15,88,Ketoconazole Shampoo,168,120.0,20160.0,1,DELIVERED
PO1088,2025-11-15,94,Timolol Eye Drops,112,55.0,6160.0,4,DELIVERED
PO1088,2025-11-15,50,Ondansetron 4mg,1400,8.0,11200.0,2,DELIVERED
PO1088,2025-11-15,16,Atenolol 50mg,2688,3.0,8064.0,2,DELIVERED
PO1088,2025-11-15,27,Doxycycline 100mg,2128,5.0,10640.0,2,DELIVERED
PO1088,2025-11-15,67,Theophylline 300mg,616,5.0,3080.0,4,DELIVERED
PO1088,2025-11-15,8,Pioglitazone 15mg,700,8.0,5600.0,5,DELIVERED
PO1088,2025-11-15,58,Zinc Dispersible 20mg,2800,2.0,5600.0,4,DELIVERED
PO1088,2025-11-15,10,Gliclazide 80mg,784,5.0,3920.0,3,DELIVERED
PO1088,2025-11-15,72,Vitamin C 500mg,1750,2.0,3500.0,4,DELIVERED
PO1088,2025-11-15,87,Silver Sulfadiazine,280,55.0,15400.0,3,DELIVERED
PO1088,2025-11-15,49,Domperidone 10mg,1960,2.5,4900.0,1,DELIVERED
PO1088,2025-11-15,6,Insulin Glargine,28,450.0,12600.0,2,DELIVERED
PO1088,2025-11-15,56,Esomeprazole 40mg,1372,10.0,13720.0,2,DELIVERED
PO1088,2025-11-15,76,Folic Acid 5mg,1400,1.0,1400.0,3,DELIVERED
PO1088,2025-11-15,84,Permethrin Lotion,294,60.0,17640.0,5,DELIVERED
PO1088,2025-11-15,26,Cefixime 200mg,1260,15.0,18900.0,4,DELIVERED
PO1088,2025-11-15,78,Vitamin E 400IU,770,5.0,3850.0,3,DELIVERED
PO1089,2025-11-22,5,Insulin Human 40IU,112,85.0,9520.0,1,DELIVERED
PO1089,2025-11-22,88,Ketoconazole Shampoo,112,120.0,13440.0,1,DELIVERED
PO1089,2025-11-22,75,Iron + Folic Acid,3675,2.0,7350.0,1,DELIVERED
PO1089,2025-11-22,50,Ondansetron 4mg,1050,8.0,8400.0,5,DELIVERED
PO1089,2025-11-22,79,Zinc Sulfate 20mg,1330,2.0,2660.0,2,DELIVERED
PO1089,2025-11-22,39,Diclofenac 50mg,2205,2.5,5512.5,1,DELIVERED
PO1089,2025-11-22,10,Gliclazide 80mg,980,5.0,4900.0,4,DELIVERED
PO1089,2025-11-22,18,Ramipril 5mg,1568,7.0,10976.0,1,DELIVERED
PO1089,2025-11-22,28,Metronidazole 400mg,2800,3.0,8400.0,3,DELIVERED
PO1089,2025-11-22,41,Nimesulide 100mg,1960,3.0,5880.0,5,DELIVERED
PO1089,2025-11-22,22,Cilnidipine 10mg,924,12.0,11088.0,3,DELIVERED
PO1089,2025-11-22,71,Vitamin B Complex,2730,1.5,4095.0,2,DELIVERED
PO1089,2025-11-22,68,Ipratropium Inhaler,98,180.0,17640.0,2,DELIVERED
PO1089,2025-11-22,70,Bromhexine 8mg,980,3.0,2940.0,2,DELIVERED
PO1089,2025-11-22,87,Silver Sulfadiazine,175,55.0,9625.0,4,DELIVERED
PO1089,2025-11-22,1,Metformin 500mg,3920,1.5,5880.0,4,DELIVERED
PO1089,2025-11-22,66,Ambroxol Syrup,490,50.0,24500.0,2,DELIVERED
PO1089,2025-11-22,98,Amitriptyline 25mg,1232,3.0,3696.0,2,DELIVERED
PO1089,2025-11-22,67,Theophylline 300mg,616,5.0,3080.0,5,DELIVERED
PO1089,2025-11-22,4,Glimepiride 2mg,700,4.0,2800.0,5,DELIVERED
PO1090,2025-12-01,39,Diclofenac 50mg,2205,2.5,5512.5,3,DELIVERED
PO1090,2025-12-01,30,Ofloxacin 200mg,1568,6.0,9408.0,5,DELIVERED
PO1090,2025-12-01,66,Ambroxol Syrup,420,50.0,21000.0,2,DELIVERED
PO1090,2025-12-01,90,Tobramycin Eye Drops,140,45.0,6300.0,5,DELIVERED
PO1090,2025-12-01,31,Cephalexin 500mg,700,10.0,7000.0,5,DELIVERED
PO1090,2025-12-01,6,Insulin Glargine,28,450.0,12600.0,1,DELIVERED
PO1090,2025-12-01,99,Clonazepam 0.5mg,672,6.0,4032.0,4,DELIVERED
PO1090,2025-12-01,76,Folic Acid 5mg,2100,1.0,2100.0,4,DELIVERED
PO1090,2025-12-01,61,Montelukast 10mg,1050,8.0,8400.0,5,DELIVERED
PO1090,2025-12-01,73,Vitamin D3 60000IU,420,30.0,12600.0,2,DELIVERED
PO1091,2025-12-08,16,Atenolol 50mg,1680,3.0,5040.0,2,DELIVERED
PO1091,2025-12-08,21,Spironolactone 25mg,420,8.0,3360.0,2,DELIVERED
PO1091,2025-12-08,50,Ondansetron 4mg,700,8.0,5600.0,4,DELIVERED
PO1091,2025-12-08,46,Omeprazole 20mg,3920,3.0,11760.0,1,DELIVERED
PO1091,2025-12-08,80,B12 Methylcobalamin,1372,8.0,10976.0,1,DELIVERED
PO1091,2025-12-08,89,Ciprofloxacin Eye Drops,336,25.0,8400.0,2,DELIVERED
PO1091,2025-12-08,57,Lactulose Syrup,175,85.0,14875.0,2,DELIVERED
PO1091,2025-12-08,40,Aceclofenac 100mg,1470,5.0,7350.0,3,DELIVERED
PO1091,2025-12-08,1,Metformin 500mg,4480,1.5,6720.0,5,DELIVERED
PO1091,2025-12-08,28,Metronidazole 400mg,2800,3.0,8400.0,1,DELIVERED
PO1091,2025-12-08,8,Pioglitazone 15mg,560,8.0,4480.0,5,DELIVERED
PO1092,2025-12-15,79,Zinc Sulfate 20mg,1064,2.0,2128.0,1,DELIVERED
PO1092,2025-12-15,22,Cilnidipine 10mg,1232,12.0,14784.0,3,DELIVERED
PO1092,2025-12-15,4,Glimepiride 2mg,875,4.0,3500.0,1,DELIVERED
PO1092,2025-12-15,54,Sucralfate 1g,560,6.0,3360.0,1,DELIVERED
PO1092,2025-12-15,28,Metronidazole 400mg,1400,3.0,4200.0,4,DELIVERED
PO1092,2025-12-15,34,Clindamycin 300mg,840,22.0,18480.0,2,DELIVERED
PO1092,2025-12-15,15,Telmisartan 40mg,1596,6.0,9576.0,1,DELIVERED
PO1092,2025-12-15,49,Domperidone 10mg,1400,2.5,3500.0,4,DELIVERED
PO1092,2025-12-15,45,Etoricoxib 90mg,630,15.0,9450.0,2,DELIVERED
PO1092,2025-12-15,17,Metoprolol 50mg,1120,4.5,5040.0,5,DELIVERED
PO1092,2025-12-15,59,Salbutamol Inhaler,84,120.0,10080.0,1,DELIVERED
PO1092,2025-12-15,51,ORS Powder,2800,5.0,14000.0,4,DELIVERED
PO1092,2025-12-15,12,Amlodipine 10mg,840,3.5,2940.0,2,DELIVERED
PO1092,2025-12-15,71,Vitamin B Complex,1820,1.5,2730.0,5,DELIVERED
PO1092,2025-12-15,73,Vitamin D3 60000IU,840,30.0,25200.0,1,DELIVERED
PO1093,2025-12-22,40,Aceclofenac 100mg,1260,5.0,6300.0,3,DELIVERED
PO1093,2025-12-22,1,Metformin 500mg,2240,1.5,3360.0,5,DELIVERED
PO1093,2025-12-22,10,Gliclazide 80mg,1568,5.0,7840.0,1,DELIVERED
PO1093,2025-12-22,97,Escitalopram 10mg,882,8.0,7056.0,2,DELIVERED
PO1093,2025-12-22,36,Paracetamol 500mg,6300,0.5,3150.0,2,DELIVERED
PO1093,2025-12-22,50,Ondansetron 4mg,875,8.0,7000.0,2,DELIVERED
PO1093,2025-12-22,79,Zinc Sulfate 20mg,1596,2.0,3192.0,1,DELIVERED
PO1093,2025-12-22,11,Amlodipine 5mg,1540,2.5,3850.0,4,DELIVERED
PO1093,2025-12-22,91,Artificial Tears,280,50.0,14000.0,4,DELIVERED
PO1093,2025-12-22,31,Cephalexin 500mg,875,10.0,8750.0,3,DELIVERED
PO1093,2025-12-22,52,Loperamide 2mg,840,3.0,2520.0,1,DELIVERED
PO1093,2025-12-22,5,Insulin Human 40IU,84,85.0,7140.0,5,DELIVERED
PO1093,2025-12-22,60,Budesonide Inhaler,84,250.0,21000.0,4,DELIVERED
PO1093,2025-12-22,64,Chlorpheniramine 4mg,1120,1.0,1120.0,4,DELIVERED
PO1093,2025-12-22,19,Hydrochlorothiazide 25mg,1400,2.0,2800.0,1,DELIVERED
PO1093,2025-12-22,63,Levocetirizine 5mg,1764,3.0,5292.0,1,DELIVERED
PO1093,2025-12-22,21,Spironolactone 25mg,630,8.0,5040.0,1,DELIVERED
PO1093,2025-12-22,81,Fluconazole 150mg,420,15.0,6300.0,2,DELIVERED
PO1093,2025-12-22,96,Alprazolam 0.5mg,525,5.0,2625.0,1,DELIVERED
PO1094,2026-01-01,51,ORS Powder,2800,5.0,14000.0,4,DELIVERED
PO1094,2026-01-01,57,Lactulose Syrup,175,85.0,14875.0,5,DELIVERED
PO1094,2026-01-01,26,Cefixime 200mg,1260,15.0,18900.0,4,DELIVERED
PO1094,2026-01-01,8,Pioglitazone 15mg,840,8.0,6720.0,2,DELIVERED
PO1094,2026-01-01,76,Folic Acid 5mg,1750,1.0,1750.0,5,DELIVERED
PO1094,2026-01-01,20,Furosemide 40mg,700,3.5,2450.0,5,DELIVERED
PO1094,2026-01-01,38,Ibuprofen 400mg,2520,2.0,5040.0,5,DELIVERED
PO1094,2026-01-01,1,Metformin 500mg,2240,1.5,3360.0,1,DELIVERED
PO1094,2026-01-01,62,Cetirizine 10mg,1400,2.0,2800.0,5,DELIVERED
PO1094,2026-01-01,40,Aceclofenac 100mg,1260,5.0,6300.0,1,DELIVERED
PO1094,2026-01-01,12,Amlodipine 10mg,1470,3.5,5145.0,2,DELIVERED
PO1094,2026-01-01,82,Clotrimazole Cream,490,35.0,17150.0,4,DELIVERED
PO1094,2026-01-01,44,Mefenamic Acid 500mg,924,4.0,3696.0,1,DELIVERED
PO1094,2026-01-01,73,Vitamin D3 60000IU,420,30.0,12600.0,3,DELIVERED
PO1094,2026-01-01,81,Fluconazole 150mg,588,15.0,8820.0,5,DELIVERED
PO1094,2026-01-01,88,Ketoconazole Shampoo,140,120.0,16800.0,1,DELIVERED
PO1094,2026-01-01,54,Sucralfate 1g,840,6.0,5040.0,4,DELIVERED
PO1094,2026-01-01,31,Cephalexin 500mg,1050,10.0,10500.0,1,DELIVERED
PO1094,2026-01-01,7,Sitagliptin 100mg,420,25.0,10500.0,2,DELIVERED
PO1095,2026-01-08,33,Co-trimoxazole DS,2240,4.0,8960.0,1,DELIVERED
PO1095,2026-01-08,99,Clonazepam 0.5mg,420,6.0,2520.0,2,DELIVERED
PO1095,2026-01-08,82,Clotrimazole Cream,350,35.0,12250.0,1,DELIVERED
PO1095,2026-01-08,48,Ranitidine 150mg,1260,2.0,2520.0,4,DELIVERED
PO1095,2026-01-08,47,Pantoprazole 40mg,2520,5.0,12600.0,1,DELIVERED
PO1095,2026-01-08,66,Ambroxol Syrup,560,50.0,28000.0,5,DELIVERED
PO1095,2026-01-08,92,Chloramphenicol Ear Drops,280,30.0,8400.0,5,DELIVERED
PO1095,2026-01-08,87,Silver Sulfadiazine,140,55.0,7700.0,4,DELIVERED
PO1095,2026-01-08,93,Ofloxacin Ear Drops,140,40.0,5600.0,5,DELIVERED
PO1095,2026-01-08,38,Ibuprofen 400mg,1680,2.0,3360.0,4,DELIVERED
PO1095,2026-01-08,50,Ondansetron 4mg,1050,8.0,8400.0,1,DELIVERED
PO1095,2026-01-08,96,Alprazolam 0.5mg,735,5.0,3675.0,3,DELIVERED
PO1095,2026-01-08,37,Paracetamol 650mg,2800,0.8,2240.0,5,DELIVERED
PO1095,2026-01-08,83,Betamethasone Cream,420,40.0,16800.0,4,DELIVERED
PO1095,2026-01-08,21,Spironolactone 25mg,735,8.0,5880.0,4,DELIVERED
PO1095,2026-01-08,8,Pioglitazone 15mg,840,8.0,6720.0,1,DELIVERED
PO1095,2026-01-08,13,Enalapril 5mg,1470,4.0,5880.0,4,DELIVERED
PO1095,2026-01-08,65,Dextromethorphan Syrup,224,45.0,10080.0,4,DELIVERED
PO1095,2026-01-08,14,Losartan 50mg,1470,5.0,7350.0,2,DELIVERED
PO1096,2026-01-15,82,Clotrimazole Cream,420,35.0,14700.0,5,DELIVERED
PO1096,2026-01-15,66,Ambroxol Syrup,490,50.0,24500.0,1,DELIVERED
PO1096,2026-01-15,81,Fluconazole 150mg,336,15.0,5040.0,2,DELIVERED
PO1096,2026-01-15,37,Paracetamol 650mg,4900,0.8,3920.0,3,DELIVERED
PO1096,2026-01-15,26,Cefixime 200mg,1050,15.0,15750.0,3,DELIVERED
PO1096,2026-01-15,94,Timolol Eye Drops,196,55.0,10780.0,4,DELIVERED
PO1096,2026-01-15,78,Vitamin E 400IU,924,5.0,4620.0,1,DELIVERED
PO1096,2026-01-15,87,Silver Sulfadiazine,210,55.0,11550.0,3,DELIVERED
PO1096,2026-01-15,56,Esomeprazole 40mg,980,10.0,9800.0,4,DELIVERED
PO1096,2026-01-15,45,Etoricoxib 90mg,504,15.0,7560.0,5,DELIVERED
PO1096,2026-01-15,55,Rabeprazole 20mg,1568,7.0,10976.0,3,DELIVERED
PO1096,2026-01-15,69,Fluticasone Nasal Spray,126,150.0,18900.0,2,DELIVERED
PO1096,2026-01-15,96,Alprazolam 0.5mg,420,5.0,2100.0,3,DELIVERED
PO1096,2026-01-15,72,Vitamin C 500mg,2100,2.0,4200.0,5,DELIVERED
PO1096,2026-01-15,98,Amitriptyline 25mg,924,3.0,2772.0,3,DELIVERED
PO1096,2026-01-15,64,Chlorpheniramine 4mg,1120,1.0,1120.0,5,DELIVERED
PO1096,2026-01-15,22,Cilnidipine 10mg,616,12.0,7392.0,1,DELIVERED
PO1096,2026-01-15,2,Metformin 850mg,1400,2.0,2800.0,5,DELIVERED
PO1096,2026-01-15,19,Hydrochlorothiazide 25mg,1120,2.0,2240.0,4,DELIVERED
PO1096,2026-01-15,1,Metformin 500mg,4480,1.5,6720.0,3,DELIVERED
